path,name,primitive,material,texture_layer,px,py,pz,rx,ry,rz,sx,sy,sz,world_x,world_y,world_z,solid,visible,vertices,triangles,ka,kd,ks,shininess,opacity,reflectivity,unlit,uv_x,uv_y
"World","World",Joint,,-1,0,0,0,0,0,0,1,1,1,0,0,0,0,1,0,0,0,0,0,0,0,0,0,0,0
"World/Room[0]","Room",Joint,,-1,0,0,0,0,0,0,1,1,1,0,0,0,0,1,0,0,0,0,0,0,0,0,0,0,0
"World/Room[0]/Floor[0]","Floor",Plane,floor,0,0,0,0,0,0,0,20,1,18,0,0,0,0,1,4,2,1,1,0.35,48,1,0.18,0,8,4
"World/Room[0]/Ceiling[1]","Ceiling",Plane,ceiling,-1,0,7.5,0,180,0,0,20,1,18,0,7.5,0,0,1,4,2,1,1,0,24,1,0,0,1,1
"World/Room[0]/LeftWall[2]","LeftWall",Plane,wall-side,1,-10,3.75,0,90,90,0,18,1,7.5,-10,3.75,0,0,1,4,2,1,1,0.05,8,1,0,0,1,3.75
"World/Room[0]/RightWallPiece[3]","RightWallPiece",Plane,wall-side,1,10,3.75,-4,90,-90,0,10,1,7.5,10,3.75,-4,1,1,4,2,1,1,0.05,8,1,0,0,1,3.75
"World/Room[0]/RightWallPiece[4]","RightWallPiece",Plane,wall-side,1,10,3.75,8,90,-90,0,2,1,7.5,10,3.75,8,1,1,4,2,1,1,0.05,8,1,0,0,1,3.75
"World/Room[0]/DoorLintel[5]","DoorLintel",Plane,door-lintel,1,10,6.15,4,90,-90,0,6,1,2.7,10,6.15,4,1,1,4,2,1,1,0.05,8,1,0,0,3,1.35
"World/Room[0]/HallFloor[6]","HallFloor",Plane,hall-floor,0,13.5,0,4,0,0,0,7,1,6,13.5,0,4,0,1,4,2,1,1,0.1,16,1,0,0,3,3
"World/Room[0]/HallSide[7]","HallSide",Cube,hall-wall,-1,13.5,2.4,7,0,0,0,7,4.8,0.16,13.5,2.4,7,1,1,24,12,1,1,0.04,24,1,0,0,1,1
"World/Room[0]/HallSide[8]","HallSide",Cube,hall-wall,-1,11.75,2.4,1,0,0,0,3.5,4.8,0.16,11.75,2.4,1,1,1,24,12,1,1,0.04,24,1,0,0,1,1
"World/Room[0]/HallSide[9]","HallSide",Cube,hall-wall,-1,16.75,2.4,1,0,0,0,0.5,4.8,0.16,16.75,2.4,1,1,1,24,12,1,1,0.04,24,1,0,0,1,1
"World/Room[0]/HallEnd[10]","HallEnd",Cube,hall-wall,-1,17,2.4,4,0,0,0,0.16,4.8,6,17,2.4,4,1,1,24,12,1,1,0.04,24,1,0,0,1,1
"World/Room[0]/HallCeiling[11]","HallCeiling",Cube,hall-wall,-1,13.5,4.8,4,0,0,0,7,0.15,6,13.5,4.8,4,1,1,24,12,1,1,0.04,24,1,0,0,1,1
"World/Room[0]/DoorJamb[12]","DoorJamb",Cube,door-frame,-1,10,2.4,1,0,0,0,0.22,4.8,0.18,10,2.4,1,1,1,24,12,1,1,0.2,24,1,0,0,1,1
"World/Room[0]/DoorJamb[13]","DoorJamb",Cube,door-frame,-1,10,2.4,7,0,0,0,0.22,4.8,0.18,10,2.4,7,1,1,24,12,1,1,0.2,24,1,0,0,1,1
"World/Room[0]/DoorHeader[14]","DoorHeader",Cube,door-frame,-1,10,4.8,4,0,0,0,0.22,0.18,6.2,10,4.8,4,0,1,24,12,1,1,0.2,24,1,0,0,1,1
"World/Room[0]/FrontWall[15]","FrontWall",Plane,wall-front,1,0,3.75,9,90,180,0,20,1,7.5,0,3.75,9,0,1,4,2,1,1,0.05,8,1,0,0,10,3.75
"World/Room[0]/BackWallLeft[16]","BackWallLeft",Plane,wall-back-left,1,-4.75,3.75,-9,90,0,0,10.5,1,7.5,-4.75,3.75,-9,0,1,4,2,1,1,0.05,8,1,0,0,5.25,3.75
"World/Room[0]/BackWallRight[17]","BackWallRight",Plane,wall-back-right,1,7.25,3.75,-9,90,0,0,5.5,1,7.5,7.25,3.75,-9,0,1,4,2,1,1,0.05,8,1,0,0,2.75,3.75
"World/Room[0]/BackWallBottom[18]","BackWallBottom",Plane,wall-back-bottom,1,2.5,1.25,-9,90,0,0,4,1,2.5,2.5,1.25,-9,0,1,4,2,1,1,0.05,8,1,0,0,2,1.25
"World/Room[0]/BackWallTop[19]","BackWallTop",Plane,wall-back-top,1,2.5,6.5,-9,90,0,0,4,1,2,2.5,6.5,-9,0,1,4,2,1,1,0.05,8,1,0,0,2,1
"World/Room[0]/Window[20]","Window",Joint,,-1,0,0,0,0,0,0,1,1,1,0,0,0,0,1,0,0,0,0,0,0,0,0,0,0,0
"World/Room[0]/Window[20]/FrameTop[0]","FrameTop",Cube,window-frame,-1,2.5,5.5,-9,0,0,0,4.18,0.18,0.3,2.5,5.5,-9,1,1,24,12,1,1,0.3,32,1,0,0,1,1
"World/Room[0]/Window[20]/FrameBottom[1]","FrameBottom",Cube,window-frame,-1,2.5,2.5,-9,0,0,0,4.18,0.18,0.3,2.5,2.5,-9,1,1,24,12,1,1,0.3,32,1,0,0,1,1
"World/Room[0]/Window[20]/FrameLeft[2]","FrameLeft",Cube,window-frame,-1,0.5,4,-9,0,0,0,0.18,3,0.3,0.5,4,-9,1,1,24,12,1,1,0.3,32,1,0,0,1,1
"World/Room[0]/Window[20]/FrameRight[3]","FrameRight",Cube,window-frame,-1,4.5,4,-9,0,0,0,0.18,3,0.3,4.5,4,-9,1,1,24,12,1,1,0.3,32,1,0,0,1,1
"World/Room[0]/Window[20]/MullionV[4]","MullionV",Cube,window-frame,-1,2.5,4,-9,0,0,0,0.07,3,0.08,2.5,4,-9,1,1,24,12,1,1,0.3,32,1,0,0,1,1
"World/Room[0]/Window[20]/MullionH[5]","MullionH",Cube,window-frame,-1,2.5,4,-9,0,0,0,4,0.07,0.08,2.5,4,-9,1,1,24,12,1,1,0.3,32,1,0,0,1,1
"World/Room[0]/Window[20]/Sill[6]","Sill",Cube,window-frame,-1,2.5,2.45,-8.75,0,0,0,4.5,0.1,0.5,2.5,2.45,-8.75,1,1,24,12,1,1,0.3,32,1,0,0,1,1
"World/Room[0]/Sky[21]","Sky",Plane,sky,6,2.5,38.5,-40,90,0,0,300,1,90,2.5,38.5,-40,0,1,4,2,1,1,0,24,1,0,1,6.4,2.25
"World/Room[0]/Sun[22]","Sun",Sphere,sun,-1,3.75,-0.6,-20,0,0,0,2.4,2.4,2.4,0,0,0,0,0,925,1656,1,1,0,24,1,0,1,1,1
"World/Room[0]/Moon[23]","Moon",Sphere,moon,7,3.75,5.6,-20,0,-35,0,2.7,2.7,2.7,3.75,5.6,-20,0,1,925,1656,1,1,0,16,1,0,1,1,1
"World/Room[0]/Rug[24]","Rug",Plane,rug,2,0.5,0.01,1.5,0,0,0,6,1,4.5,0.5,0.01,1.5,0,1,4,2,1,1,0,16,1,0,0,1,1
"World/Room[0]/Poster[25]","Poster",Plane,poster,5,-9.98,3.8,-1,90,90,0,2,1,3,-9.98,3.8,-1,0,1,4,2,1,1,0.2,32,1,0,0,1,1
"World/Room[0]/ToyBlocks[26]","ToyBlocks",Joint,,-1,0,0,0,0,0,0,1,1,1,0,0,0,0,1,0,0,0,0,0,0,0,0,0,0,0
"World/Room[0]/ToyBlocks[26]/DoorwayObstacle[0]","DoorwayObstacle",Cube,mission-crate,4,8.8,1,4,0,0,0,1.2,2,3,8.8,1,4,1,1,24,12,1,1,0.1,16,1,0,0,1,1
"World/Room[0]/ToyBlocks[26]/Block0[1]","Block0",Cube,block-0,4,4.8,0.3,3.8,0,0,0,0.6,0.6,0.6,4.8,0.3,3.8,1,1,24,12,1,1,0.25,32,1,0,0,1,1
"World/Room[0]/ToyBlocks[26]/Block1[2]","Block1",Cube,block-1,4,5.42,0.3,3.8,0,0,0,0.6,0.6,0.6,5.42,0.3,3.8,1,1,24,12,1,1,0.25,32,1,0,0,1,1
"World/Room[0]/ToyBlocks[26]/Block2[3]","Block2",Cube,block-2,4,6.04,0.3,3.8,0,0,0,0.6,0.6,0.6,6.04,0.3,3.8,1,1,24,12,1,1,0.25,32,1,0,0,1,1
"World/Room[0]/ToyBlocks[26]/Block3[4]","Block3",Cube,block-3,4,4.8,0.898963,3.8,0,0,0,0.6,0.6,0.6,4.8,0.898963,3.8,1,1,24,12,1,1,0.25,32,1,0,0,1,1
"World/Room[0]/ToyBlocks[26]/Block4[5]","Block4",Cube,block-4,4,5.42,0.899508,3.8,0,0,0,0.6,0.6,0.6,5.42,0.899508,3.8,1,1,24,12,1,1,0.25,32,1,0,0,1,1
"World/Room[0]/ToyBlocks[26]/Block5[6]","Block5",Cube,block-5,4,4.8,1.49916,3.8,0,0,0,0.6,0.6,0.6,4.8,1.49916,3.8,1,1,24,12,1,1,0.25,32,1,0,0,1,1
"World/Room[0]/Desk[27]","Desk",Joint,,-1,-5,0,-7.6,0,0,0,1,1,1,-5,0,-7.6,0,1,0,0,0,0,0,0,0,0,0,0,0
"World/Room[0]/Desk[27]/Top[0]","Top",Cube,desk-wood,0,0,2.4,0,0,0,0,4,0.15,2,-5,2.4,-7.6,1,1,24,12,1,1,0.3,32,1,0,0,1,0.5
"World/Room[0]/Desk[27]/Leg0[1]","Leg0",Cube,desk-wood,0,-1.85,1.2,-0.85,0,0,0,0.15,2.4,0.15,-6.85,1.2,-8.45,1,1,24,12,1,1,0.3,32,1,0,0,1,0.5
"World/Room[0]/Desk[27]/Leg1[2]","Leg1",Cube,desk-wood,0,1.85,1.2,-0.85,0,0,0,0.15,2.4,0.15,-3.15,1.2,-8.45,1,1,24,12,1,1,0.3,32,1,0,0,1,0.5
"World/Room[0]/Desk[27]/Leg2[3]","Leg2",Cube,desk-wood,0,-1.85,1.2,0.85,0,0,0,0.15,2.4,0.15,-6.85,1.2,-6.75,1,1,24,12,1,1,0.3,32,1,0,0,1,0.5
"World/Room[0]/Desk[27]/Leg3[4]","Leg3",Cube,desk-wood,0,1.85,1.2,0.85,0,0,0,0.15,2.4,0.15,-3.15,1.2,-6.75,1,1,24,12,1,1,0.3,32,1,0,0,1,0.5
"World/Room[0]/Desk[27]/Drawer[5]","Drawer",Cube,desk-wood,0,1.1,2,0.05,0,0,0,1.5,0.6,1.7,-3.9,2,-7.55,1,1,24,12,1,1,0.3,32,1,0,0,1,0.5
"World/Room[0]/Desk[27]/Knob[6]","Knob",Sphere,brass,-1,1.1,2,0.88,0,0,0,0.12,0.12,0.12,-3.9,2,-6.72,1,1,925,1656,1,1,0.8,64,1,0,0,1,1
"World/Room[0]/Desk[27]/Sketchbook[7]","Sketchbook",Cube,paper,-1,-0.65,2.52,0.25,0,12,0,1,0.055,0.7,-5.65,2.52,-7.35,1,1,24,12,1,1,0,24,1,0,0,1,1
"World/Room[0]/Desk[27]/Pencil0[8]","Pencil0",Cylinder,pencil,-1,-0.8,2.56,0.12,90,12,0,0.025,0.75,0.025,-5.8,2.56,-7.48,0,1,134,128,1,1,0.2,24,1,0,0,1,1
"World/Room[0]/Desk[27]/Pencil1[9]","Pencil1",Cylinder,pencil,-1,-0.65,2.56,0.12,90,20,0,0.025,0.75,0.025,-5.65,2.56,-7.48,0,1,134,128,1,1,0.2,24,1,0,0,1,1
"World/Room[0]/Desk[27]/Pencil2[10]","Pencil2",Cylinder,pencil,-1,-0.5,2.56,0.12,90,28,0,0.025,0.75,0.025,-5.5,2.56,-7.48,0,1,134,128,1,1,0.2,24,1,0,0,1,1
"World/Room[0]/SkirtingSide[28]","SkirtingSide",Cube,room-trim,-1,-9.94,0.15,0,0,0,0,0.12,0.3,18,-9.94,0.15,0,0,1,24,12,1,1,0.2,24,1,0,0,1,1
"World/Room[0]/SkirtingEnd[29]","SkirtingEnd",Cube,room-trim,-1,0,0.15,-8.94,0,0,0,20,0.3,0.12,0,0.15,-8.94,0,1,24,12,1,1,0.2,24,1,0,0,1,1
"World/Room[0]/CrownSide[30]","CrownSide",Cube,room-trim,-1,-9.92,7.35,0,0,0,0,0.16,0.2,18,-9.92,7.35,0,0,1,24,12,1,1,0.2,24,1,0,0,1,1
"World/Room[0]/SkirtingEnd[31]","SkirtingEnd",Cube,room-trim,-1,0,0.15,8.94,0,0,0,20,0.3,0.12,0,0.15,8.94,0,1,24,12,1,1,0.2,24,1,0,0,1,1
"World/Room[0]/CrownSide[32]","CrownSide",Cube,room-trim,-1,9.92,7.35,0,0,0,0,0.16,0.2,18,9.92,7.35,0,0,1,24,12,1,1,0.2,24,1,0,0,1,1
"World/Room[0]/CurtainFold[33]","CurtainFold",Cylinder,curtain,8,-0.36,4,-8.78,0,0,0,0.3,3.6,0.15,-0.36,4,-8.78,0,1,134,128,1,1,0,16,1,0,0,2,5
"World/Room[0]/CurtainFold[34]","CurtainFold",Cylinder,curtain,8,-0.12,4,-8.78,0,0,0,0.3,3.6,0.15,-0.12,4,-8.78,0,1,134,128,1,1,0,16,1,0,0,2,5
"World/Room[0]/CurtainFold[35]","CurtainFold",Cylinder,curtain,8,0.12,4,-8.78,0,0,0,0.3,3.6,0.15,0.12,4,-8.78,0,1,134,128,1,1,0,16,1,0,0,2,5
"World/Room[0]/CurtainFold[36]","CurtainFold",Cylinder,curtain,8,0.36,4,-8.78,0,0,0,0.3,3.6,0.15,0.36,4,-8.78,0,1,134,128,1,1,0,16,1,0,0,2,5
"World/Room[0]/CurtainFold[37]","CurtainFold",Cylinder,curtain,8,4.64,4,-8.78,0,0,0,0.3,3.6,0.15,4.64,4,-8.78,0,1,134,128,1,1,0,16,1,0,0,2,5
"World/Room[0]/CurtainFold[38]","CurtainFold",Cylinder,curtain,8,4.88,4,-8.78,0,0,0,0.3,3.6,0.15,4.88,4,-8.78,0,1,134,128,1,1,0,16,1,0,0,2,5
"World/Room[0]/CurtainFold[39]","CurtainFold",Cylinder,curtain,8,5.12,4,-8.78,0,0,0,0.3,3.6,0.15,5.12,4,-8.78,0,1,134,128,1,1,0,16,1,0,0,2,5
"World/Room[0]/CurtainFold[40]","CurtainFold",Cylinder,curtain,8,5.36,4,-8.78,0,0,0,0.3,3.6,0.15,5.36,4,-8.78,0,1,134,128,1,1,0,16,1,0,0,2,5
"World/Room[0]/CurtainRod[41]","CurtainRod",Cylinder,brass,-1,2.5,5.9,-8.77,0,0,90,0.055,6.3,0.055,2.5,5.9,-8.77,0,1,134,128,1,1,0.8,64,1,0,0,1,1
"World/Room[0]/Bed[42]","Bed",Joint,,-1,7.2,0,-5.8,0,0,0,1,1,1,7.2,0,-5.8,0,1,0,0,0,0,0,0,0,0,0,0,0
"World/Room[0]/Bed[42]/BedFrame[0]","BedFrame",Cube,desk-wood,0,0,0.45,0,0,0,0,3.4,0.75,4.7,7.2,0.45,-5.8,1,1,24,12,1,1,0.3,32,1,0,0,1,0.5
"World/Room[0]/Bed[42]/Mattress[1]","Mattress",Cube,paper,-1,0,0.94,0,0,0,0,3.3,0.3,4.55,7.2,0.94,-5.8,1,1,24,12,1,1,0,24,1,0,0,1,1
"World/Room[0]/Bed[42]/Blanket[2]","Blanket",Cube,quilt,11,0,1.1,0.55,0,0,0,3.36,0.12,3.45,7.2,1.1,-5.25,1,1,24,12,1,1,0,16,1,0,0,3,4
"World/Room[0]/Bed[42]/Headboard[3]","Headboard",Cube,desk-wood,0,0,1,-2.35,0,0,0,3.6,1.8,0.18,7.2,1,-8.15,1,1,24,12,1,1,0.3,32,1,0,0,1,0.5
"World/Room[0]/Bed[42]/Pillow[4]","Pillow",Sphere,paper,-1,-0.8,1.2,-1.5,0,0,0,1.4,0.3,0.9,6.4,1.2,-7.3,1,1,925,1656,1,1,0,24,1,0,0,1,1
"World/Room[0]/Bed[42]/Pillow[5]","Pillow",Sphere,paper,-1,0.8,1.2,-1.5,0,0,0,1.4,0.3,0.9,8,1.2,-7.3,1,1,925,1656,1,1,0,24,1,0,0,1,1
"World/Room[0]/Bookcase[43]","Bookcase",Joint,,-1,-8.9,0,-1.5,0,0,0,1,1,1,-8.9,0,-1.5,0,1,0,0,0,0,0,0,0,0,0,0,0
"World/Room[0]/Bookcase[43]/Upright[0]","Upright",Cube,desk-wood,0,-0.9,1.75,0,0,0,0,0.12,3.5,1,-9.8,1.75,-1.5,1,1,24,12,1,1,0.3,32,1,0,0,1,0.5
"World/Room[0]/Bookcase[43]/Upright[1]","Upright",Cube,desk-wood,0,0.9,1.75,0,0,0,0,0.12,3.5,1,-8,1.75,-1.5,1,1,24,12,1,1,0.3,32,1,0,0,1,0.5
"World/Room[0]/Bookcase[43]/Back[2]","Back",Cube,desk-wood,0,0,1.75,-0.47,0,0,0,1.8,3.5,0.08,-8.9,1.75,-1.97,1,1,24,12,1,1,0.3,32,1,0,0,1,0.5
"World/Room[0]/Bookcase[43]/Shelf[3]","Shelf",Cube,desk-wood,0,0,0.15,0,0,0,0,1.8,0.09,1,-8.9,0.15,-1.5,1,1,24,12,1,1,0.3,32,1,0,0,1,0.5
"World/Room[0]/Bookcase[43]/Books[4]","Books",Cube,book-spines,13,0,0.52,-0.1,0,0,0,1.56,0.66,0.56,-8.9,0.52,-1.6,1,1,24,12,1,1,0.08,16,1,0,0,1,1
"World/Room[0]/Bookcase[43]/Shelf[5]","Shelf",Cube,desk-wood,0,0,1.2,0,0,0,0,1.8,0.09,1,-8.9,1.2,-1.5,1,1,24,12,1,1,0.3,32,1,0,0,1,0.5
"World/Room[0]/Bookcase[43]/Books[6]","Books",Cube,book-spines,13,0,1.57,-0.1,0,0,0,1.56,0.66,0.56,-8.9,1.57,-1.6,1,1,24,12,1,1,0.08,16,1,0,0,1,1
"World/Room[0]/Bookcase[43]/Shelf[7]","Shelf",Cube,desk-wood,0,0,2.25,0,0,0,0,1.8,0.09,1,-8.9,2.25,-1.5,1,1,24,12,1,1,0.3,32,1,0,0,1,0.5
"World/Room[0]/Bookcase[43]/Books[8]","Books",Cube,book-spines,13,0,2.62,-0.1,0,0,0,1.56,0.66,0.56,-8.9,2.62,-1.6,1,1,24,12,1,1,0.08,16,1,0,0,1,1
"World/Room[0]/Bookcase[43]/Shelf[9]","Shelf",Cube,desk-wood,0,0,3.3,0,0,0,0,1.8,0.09,1,-8.9,3.3,-1.5,1,1,24,12,1,1,0.3,32,1,0,0,1,0.5
"World/Room[0]/Bookcase[43]/Books[10]","Books",Cube,book-spines,13,0,3.67,-0.1,0,0,0,1.56,0.66,0.56,-8.9,3.67,-1.6,1,1,24,12,1,1,0.08,16,1,0,0,1,1
"World/Room[0]/DistantHouse[44]","DistantHouse",Cube,distant-roofs,-1,-22,-0.75,-29,0,0,0,5,7.5,2,-22,-0.75,-29,0,1,24,12,1,1,0,24,1,0,1,1,1
"World/Room[0]/DistantHouse[45]","DistantHouse",Cube,distant-roofs,-1,-16,0,-29,0,0,0,5,9,2,-16,0,-29,0,1,24,12,1,1,0,24,1,0,1,1,1
"World/Room[0]/DistantHouse[46]","DistantHouse",Cube,distant-roofs,-1,-10,0.75,-29,0,0,0,5,10.5,2,-10,0.75,-29,0,1,24,12,1,1,0,24,1,0,1,1,1
"World/Room[0]/DistantHouse[47]","DistantHouse",Cube,distant-roofs,-1,-4,-0.75,-29,0,0,0,5,7.5,2,-4,-0.75,-29,0,1,24,12,1,1,0,24,1,0,1,1,1
"World/Room[0]/DistantHouse[48]","DistantHouse",Cube,distant-roofs,-1,2,0,-29,0,0,0,5,9,2,2,0,-29,0,1,24,12,1,1,0,24,1,0,1,1,1
"World/Room[0]/DistantHouse[49]","DistantHouse",Cube,distant-roofs,-1,8,0.75,-29,0,0,0,5,10.5,2,8,0.75,-29,0,1,24,12,1,1,0,24,1,0,1,1,1
"World/Room[0]/DistantHouse[50]","DistantHouse",Cube,distant-roofs,-1,14,-0.75,-29,0,0,0,5,7.5,2,14,-0.75,-29,0,1,24,12,1,1,0,24,1,0,1,1,1
"World/Room[0]/DistantHouse[51]","DistantHouse",Cube,distant-roofs,-1,20,0,-29,0,0,0,5,9,2,20,0,-29,0,1,24,12,1,1,0,24,1,0,1,1,1
"World/Room[0]/DistantHouse[52]","DistantHouse",Cube,distant-roofs,-1,26,0.75,-29,0,0,0,5,10.5,2,26,0.75,-29,0,1,24,12,1,1,0,24,1,0,1,1,1
"World/Room[0]/CeilingFan[53]","CeilingFan",Joint,,-1,-1.5,7.42,0,0,0,0,1,1,1,-1.5,7.42,0,0,1,0,0,0,0,0,0,0,0,0,0,0
"World/Room[0]/CeilingFan[53]/Mount[0]","Mount",Cylinder,lamp-metal,-1,0,-0.06,0,0,0,0,0.36,0.12,0.36,-1.5,7.36,0,0,1,134,128,1,1,0.7,64,1,0,0,1,1
"World/Room[0]/CeilingFan[53]/Shaft[1]","Shaft",Cylinder,brass,-1,0,-0.35,0,0,0,0,0.08,0.55,0.08,-1.5,7.07,0,0,1,134,128,1,1,0.8,64,1,0,0,1,1
"World/Room[0]/CeilingFan[53]/Rotor[2]","Rotor",Joint,,-1,0,-0.63,0,0,0,0,1,1,1,-1.5,6.79,0,0,1,0,0,0,0,0,0,0,0,0,0,0
"World/Room[0]/CeilingFan[53]/Rotor[2]/Motor[0]","Motor",Sphere,lamp-metal,-1,0,0,0,0,0,0,0.5,0.25,0.5,-1.5,6.79,0,0,1,925,1656,1,1,0.7,64,1,0,0,1,1
"World/Room[0]/CeilingFan[53]/Rotor[2]/BladePivot0[1]","BladePivot0",Joint,,-1,0,0,0,0,0,0,1,1,1,-1.5,6.79,0,0,1,0,0,0,0,0,0,0,0,0,0,0
"World/Room[0]/CeilingFan[53]/Rotor[2]/BladePivot0[1]/Blade[0]","Blade",Cube,desk-wood,0,0.83,0,0,0,0,-4,1.35,0.045,0.3,-0.67,6.79,0,0,1,24,12,1,1,0.3,32,1,0,0,1,0.5
"World/Room[0]/CeilingFan[53]/Rotor[2]/BladePivot1[2]","BladePivot1",Joint,,-1,0,0,0,0,90,0,1,1,1,-1.5,6.79,0,0,1,0,0,0,0,0,0,0,0,0,0,0
"World/Room[0]/CeilingFan[53]/Rotor[2]/BladePivot1[2]/Blade[0]","Blade",Cube,desk-wood,0,0.83,0,0,0,0,-4,1.35,0.045,0.3,-1.5,6.79,-0.83,0,1,24,12,1,1,0.3,32,1,0,0,1,0.5
"World/Room[0]/CeilingFan[53]/Rotor[2]/BladePivot2[3]","BladePivot2",Joint,,-1,0,0,0,0,180,0,1,1,1,-1.5,6.79,0,0,1,0,0,0,0,0,0,0,0,0,0,0
"World/Room[0]/CeilingFan[53]/Rotor[2]/BladePivot2[3]/Blade[0]","Blade",Cube,desk-wood,0,0.83,0,0,0,0,-4,1.35,0.045,0.3,-2.33,6.79,7.25609e-08,0,1,24,12,1,1,0.3,32,1,0,0,1,0.5
"World/Room[0]/CeilingFan[53]/Rotor[2]/BladePivot3[4]","BladePivot3",Joint,,-1,0,0,0,0,270,0,1,1,1,-1.5,6.79,0,0,1,0,0,0,0,0,0,0,0,0,0,0
"World/Room[0]/CeilingFan[53]/Rotor[2]/BladePivot3[4]/Blade[0]","Blade",Cube,desk-wood,0,0.83,0,0,0,0,-4,1.35,0.045,0.3,-1.5,6.79,0.83,0,1,24,12,1,1,0.3,32,1,0,0,1,0.5
"World/Room[0]/DeskChair[54]","DeskChair",Joint,,-1,-5.6,0,-4.8,0,0,0,1,1,1,-5.6,0,-4.8,0,1,0,0,0,0,0,0,0,0,0,0,0
"World/Room[0]/DeskChair[54]/Seat[0]","Seat",Cube,desk-wood,0,0,1.15,0,0,0,0,1.15,0.12,1.05,-5.6,1.15,-4.8,1,1,24,12,1,1,0.3,32,1,0,0,1,0.5
"World/Room[0]/DeskChair[54]/Back[1]","Back",Cube,desk-wood,0,0,1.9,0.47,0,0,0,1.15,1.35,0.12,-5.6,1.9,-4.33,1,1,24,12,1,1,0.3,32,1,0,0,1,0.5
"World/Room[0]/DeskChair[54]/Leg[2]","Leg",Cube,desk-wood,0,-0.43,0.55,-0.38,0,0,0,0.1,1.1,0.1,-6.03,0.55,-5.18,1,1,24,12,1,1,0.3,32,1,0,0,1,0.5
"World/Room[0]/DeskChair[54]/Leg[3]","Leg",Cube,desk-wood,0,-0.43,0.55,0.38,0,0,0,0.1,1.1,0.1,-6.03,0.55,-4.42,1,1,24,12,1,1,0.3,32,1,0,0,1,0.5
"World/Room[0]/DeskChair[54]/Leg[4]","Leg",Cube,desk-wood,0,0.43,0.55,-0.38,0,0,0,0.1,1.1,0.1,-5.17,0.55,-5.18,1,1,24,12,1,1,0.3,32,1,0,0,1,0.5
"World/Room[0]/DeskChair[54]/Leg[5]","Leg",Cube,desk-wood,0,0.43,0.55,0.38,0,0,0,0.1,1.1,0.1,-5.17,0.55,-4.42,1,1,24,12,1,1,0.3,32,1,0,0,1,0.5
"World/Room[0]/WallClock[55]","WallClock",Joint,,-1,-1.2,5.1,-8.84,0,0,0,1,1,1,-1.2,5.1,-8.84,0,1,0,0,0,0,0,0,0,0,0,0,0
"World/Room[0]/WallClock[55]/Rim[0]","Rim",Cylinder,brass,-1,0,0,0,90,0,0,1.05,0.12,1.05,-1.2,5.1,-8.84,0,1,134,128,1,1,0.8,64,1,0,0,1,1
"World/Room[0]/WallClock[55]/Face[1]","Face",Cylinder,paper,-1,0,0,0.07,90,0,0,0.94,0.03,0.94,-1.2,5.1,-8.77,0,1,134,128,1,1,0,24,1,0,0,1,1
"World/Room[0]/WallClock[55]/HourMark[2]","HourMark",Cube,clock-ink,-1,0,0.39,0.095,0,0,0,0.035,0.065,0.015,-1.2,5.49,-8.745,0,1,24,12,1,1,0,24,1,0,0,1,1
"World/Room[0]/WallClock[55]/HourMark[3]","HourMark",Cube,clock-ink,-1,0.195,0.33775,0.095,0,0,-30,0.035,0.065,0.015,-1.005,5.43775,-8.745,0,1,24,12,1,1,0,24,1,0,0,1,1
"World/Room[0]/WallClock[55]/HourMark[4]","HourMark",Cube,clock-ink,-1,0.33775,0.195,0.095,0,0,-60,0.035,0.065,0.015,-0.86225,5.295,-8.745,0,1,24,12,1,1,0,24,1,0,0,1,1
"World/Room[0]/WallClock[55]/HourMark[5]","HourMark",Cube,clock-ink,-1,0.39,-1.70474e-08,0.095,0,0,-90,0.035,0.065,0.015,-0.81,5.1,-8.745,0,1,24,12,1,1,0,24,1,0,0,1,1
"World/Room[0]/WallClock[55]/HourMark[6]","HourMark",Cube,clock-ink,-1,0.33775,-0.195,0.095,0,0,-120,0.035,0.065,0.015,-0.86225,4.905,-8.745,0,1,24,12,1,1,0,24,1,0,0,1,1
"World/Room[0]/WallClock[55]/HourMark[7]","HourMark",Cube,clock-ink,-1,0.195,-0.33775,0.095,0,0,-150,0.035,0.065,0.015,-1.005,4.76225,-8.745,0,1,24,12,1,1,0,24,1,0,0,1,1
"World/Room[0]/WallClock[55]/HourMark[8]","HourMark",Cube,clock-ink,-1,-3.40949e-08,-0.39,0.095,0,0,-180,0.035,0.065,0.015,-1.2,4.71,-8.745,0,1,24,12,1,1,0,24,1,0,0,1,1
"World/Room[0]/WallClock[55]/HourMark[9]","HourMark",Cube,clock-ink,-1,-0.195,-0.33775,0.095,0,0,-210,0.035,0.065,0.015,-1.395,4.76225,-8.745,0,1,24,12,1,1,0,24,1,0,0,1,1
"World/Room[0]/WallClock[55]/HourMark[10]","HourMark",Cube,clock-ink,-1,-0.33775,-0.195,0.095,0,0,-240,0.035,0.065,0.015,-1.53775,4.905,-8.745,0,1,24,12,1,1,0,24,1,0,0,1,1
"World/Room[0]/WallClock[55]/HourMark[11]","HourMark",Cube,clock-ink,-1,-0.39,4.6507e-09,0.095,0,0,-270,0.035,0.065,0.015,-1.59,5.1,-8.745,0,1,24,12,1,1,0,24,1,0,0,1,1
"World/Room[0]/WallClock[55]/HourMark[12]","HourMark",Cube,clock-ink,-1,-0.33775,0.195,0.095,0,0,-300,0.035,0.065,0.015,-1.53775,5.295,-8.745,0,1,24,12,1,1,0,24,1,0,0,1,1
"World/Room[0]/WallClock[55]/HourMark[13]","HourMark",Cube,clock-ink,-1,-0.195,0.33775,0.095,0,0,-330,0.035,0.065,0.015,-1.395,5.43775,-8.745,0,1,24,12,1,1,0,24,1,0,0,1,1
"World/Room[0]/WallClock[55]/HourHandPivot[14]","HourHandPivot",Joint,,-1,0,0,0,0,0,-0,1,1,1,-1.2,5.1,-8.84,0,1,0,0,0,0,0,0,0,0,0,0,0
"World/Room[0]/WallClock[55]/HourHandPivot[14]/HourHand[0]","HourHand",Cube,clock-ink,-1,0,0.12,0.115,0,0,0,0.045,0.27,0.02,-1.2,5.22,-8.725,0,1,24,12,1,1,0,24,1,0,0,1,1
"World/Room[0]/WallClock[55]/MinuteHandPivot[15]","MinuteHandPivot",Joint,,-1,0,0,0,0,0,-0,1,1,1,-1.2,5.1,-8.84,0,1,0,0,0,0,0,0,0,0,0,0,0
"World/Room[0]/WallClock[55]/MinuteHandPivot[15]/MinuteHand[0]","MinuteHand",Cube,clock-ink,-1,0,0.18,0.14,0,0,0,0.026,0.38,0.02,-1.2,5.28,-8.7,0,1,24,12,1,1,0,24,1,0,0,1,1
"World/Room[0]/WallClock[55]/Pin[16]","Pin",Sphere,brass,-1,0,0,0.17,0,0,0,0.075,0.075,0.075,-1.2,5.1,-8.67,0,1,925,1656,1,1,0.8,64,1,0,0,1,1
"World/Lamp[1]","Lamp",Joint,,-1,-4,2.487,-7.9,0,20,0,1,1,1,-4,2.487,-7.9,0,1,0,0,0,0,0,0,0,0,0,0,0
"World/Lamp[1]/Base[0]","Base",Cylinder,lamp-metal,-1,0,0.05,0,0,0,0,0.7,0.1,0.7,-4,2.537,-7.9,1,1,134,128,1,1,0.7,64,1,0,0,1,1
"World/Lamp[1]/ArmJoint[1]","ArmJoint",Joint,,-1,0,0.1,0,20,0,0,1,1,1,-4,2.587,-7.9,0,1,0,0,0,0,0,0,0,0,0,0,0
"World/Lamp[1]/ArmJoint[1]/Arm[0]","Arm",Cylinder,lamp-metal,-1,0,0.7,0,0,0,0,0.08,1.4,0.08,-3.91812,3.24478,-7.67502,1,1,134,128,1,1,0.7,64,1,0,0,1,1
"World/Lamp[1]/ArmJoint[1]/Elbow[1]","Elbow",Sphere,lamp-metal,-1,0,1.4,0,0,0,0,0.16,0.16,0.16,-3.83623,3.90257,-7.45005,1,1,925,1656,1,1,0.7,64,1,0,0,1,1
"World/Lamp[1]/ArmJoint[1]/HeadJoint[2]","HeadJoint",Joint,,-1,0,1.4,0,-70,0,0,1,1,1,-3.83623,3.90257,-7.45005,0,1,0,0,0,0,0,0,0,0,0,0,0
"World/Lamp[1]/ArmJoint[1]/HeadJoint[2]/Shade[0]","Shade",Cone,lamp-metal,-1,0,-0.1,0,0,0,0,0.8,0.6,0.8,-3.81003,3.83829,-7.37806,1,1,99,64,1,1,0.7,64,1,0,0,1,1
"World/Lamp[1]/ArmJoint[1]/HeadJoint[2]/Bulb[1]","Bulb",Sphere,bulb,-1,0,-0.5,0,0,0,0,0.22,0.22,0.22,-3.70523,3.58118,-7.09013,0,1,925,1656,1,1,0,24,1,0,1,1,1
"World/Lamp[1]/ArmJoint[1]/HeadJoint[2]/LightAnchor[2]","LightAnchor",Joint,,-1,0,-0.62,0,0,0,0,1,1,1,-3.67379,3.50404,-7.00374,0,1,0,0,0,0,0,0,0,0,0,0,0
"World/Ball[2]","Ball",Joint,,-1,-3.5,0.362,3.5,0,0,0,1,1,1,-3.5,0.362,3.5,0,1,0,0,0,0,0,0,0,0,0,0,0
"World/Ball[2]/BallShape[0]","BallShape",Sphere,beach-ball,3,0,0,0,0,0,0,0.7,0.7,0.7,-3.5,0.362,3.5,0,1,925,1656,1,1,0.6,64,1,0.12,0,1,1
"World/Ghost[3]","Ghost",Joint,,-1,0.0187499,4.20758,2.49997,0,90.1592,0,1,1,1,0,4,-1,0,0,0,0,0,0,0,0,0,0,0,0,0
"World/Ghost[3]/Body[0]","Body",Joint,,-1,0,0,0,0,0,0.146658,1,1,1,0,4,-1,0,1,0,0,0,0,0,0,0,0,0,0,0
"World/Ghost[3]/Body[0]/Head[0]","Head",Sphere,ghost,-1,0,0.35,0,0,0,0,0.9,0.9,0.9,0,4.35,-1,0,1,925,1656,1,1,0.2,16,0,0,0,1,1
"World/Ghost[3]/Body[0]/Sheet[1]","Sheet",Cone,ghost,-1,0,-0.35,0,0,0,0,1.1,1.3,1.1,0,3.65,-1,0,1,99,64,1,1,0.2,16,0,0,0,1,1
"World/Ghost[3]/Body[0]/EyeL[2]","EyeL",Sphere,ghost-eyes,-1,-0.16,0.45,0.38,0,0,0,0.14,0.2,0.1,-0.16,4.45,-0.62,0,1,925,1656,1,1,0.5,32,1,0,0,1,1
"World/Ghost[3]/Body[0]/EyeR[3]","EyeR",Sphere,ghost-eyes,-1,0.16,0.45,0.38,0,0,0,0.14,0.2,0.1,0.16,4.45,-0.62,0,1,925,1656,1,1,0.5,32,1,0,0,1,1
"World/Ghost[3]/Body[0]/Mouth[4]","Mouth",Sphere,ghost-eyes,-1,0,0.22,0.42,0,0,0,0.12,0.16,0.08,0,4.22,-0.58,0,1,925,1656,1,1,0.5,32,1,0,0,1,1
"World/Woody[4]","Woody",Joint,,-1,-3,0.012,0.5,0,20,0,1,1,1,-3,0.012,0.5,0,1,0,0,0,0,0,0,0,0,0,0,0
"World/Woody[4]/Pelvis[0]","Pelvis",Joint,,-1,0,0.85,0,0,0,0,1,1,1,-3,0.862,0.5,0,1,0,0,0,0,0,0,0,0,0,0,0
"World/Woody[4]/Pelvis[0]/Belt[0]","Belt",Cube,Woody-belt,10,0,0.03,0,0,0,0,0.4,0.12,0.25,-3,0.892,0.5,0,1,24,12,1,1,0.4,32,1,0,0,1,1
"World/Woody[4]/Pelvis[0]/Buckle[1]","Buckle",Cube,brass,-1,0,0.03,0.13,0,0,0,0.11,0.08,0.03,-2.95554,0.892,0.62216,0,1,24,12,1,1,0.8,64,1,0,0,1,1
"World/Woody[4]/Pelvis[0]/LeftHip[2]","LeftHip",Joint,,-1,0.11,0,0,0,0,0,1,1,1,-2.89663,0.862,0.462378,0,1,0,0,0,0,0,0,0,0,0,0,0
"World/Woody[4]/Pelvis[0]/LeftHip[2]/Leg[0]","Leg",Cylinder,Woody-pants,9,0,-0.31,0,0,0,0,0.15,0.62,0.15,-2.89663,0.552,0.462378,0,1,134,128,1,1,0.1,8,1,0,0,2,2
"World/Woody[4]/Pelvis[0]/LeftHip[2]/BootShaft[1]","BootShaft",Cylinder,Woody-boots,10,0,-0.67,0,0,0,0,0.18,0.22,0.18,-2.89663,0.192,0.462378,0,1,134,128,1,1,0.6,48,1,0,0,1,1
"World/Woody[4]/Pelvis[0]/LeftHip[2]/Foot[2]","Foot",Cube,Woody-boots,10,0,-0.8,0.05,0,0,0,0.18,0.1,0.3,-2.87953,0.062,0.509362,0,1,24,12,1,1,0.6,48,1,0,0,1,1
"World/Woody[4]/Pelvis[0]/LeftHip[2]/Knee[3]","Knee",Sphere,Woody-pants,9,0,-0.34,0.035,0,0,0,0.155,0.16,0.13,-2.88466,0.522,0.495267,0,1,925,1656,1,1,0.1,8,1,0,0,2,2
"World/Woody[4]/Pelvis[0]/LeftHip[2]/Sole[4]","Sole",Cube,boot-sole,-1,0,-0.848,0.055,0,0,0,0.19,0.025,0.32,-2.87782,0.014,0.514061,0,1,24,12,1,1,0.2,12,1,0,0,1,1
"World/Woody[4]/Pelvis[0]/LeftHip[2]/RoundedToe[5]","RoundedToe",Sphere,Woody-boots,10,0,-0.78,0.16,0,0,0,0.18,0.09,0.13,-2.84191,0.082,0.612729,0,1,925,1656,1,1,0.6,48,1,0,0,1,1
"World/Woody[4]/Pelvis[0]/RightHip[3]","RightHip",Joint,,-1,-0.11,0,0,-0,0,0,1,1,1,-3.10337,0.862,0.537622,0,1,0,0,0,0,0,0,0,0,0,0,0
"World/Woody[4]/Pelvis[0]/RightHip[3]/Leg[0]","Leg",Cylinder,Woody-pants,9,0,-0.31,0,0,0,0,0.15,0.62,0.15,-3.10337,0.552,0.537622,0,1,134,128,1,1,0.1,8,1,0,0,2,2
"World/Woody[4]/Pelvis[0]/RightHip[3]/BootShaft[1]","BootShaft",Cylinder,Woody-boots,10,0,-0.67,0,0,0,0,0.18,0.22,0.18,-3.10337,0.192,0.537622,0,1,134,128,1,1,0.6,48,1,0,0,1,1
"World/Woody[4]/Pelvis[0]/RightHip[3]/Foot[2]","Foot",Cube,Woody-boots,10,0,-0.8,0.05,0,0,0,0.18,0.1,0.3,-3.08627,0.062,0.584607,0,1,24,12,1,1,0.6,48,1,0,0,1,1
"World/Woody[4]/Pelvis[0]/RightHip[3]/Knee[3]","Knee",Sphere,Woody-pants,9,0,-0.34,0.035,0,0,0,0.155,0.16,0.13,-3.0914,0.522,0.570511,0,1,925,1656,1,1,0.1,8,1,0,0,2,2
"World/Woody[4]/Pelvis[0]/RightHip[3]/Sole[4]","Sole",Cube,boot-sole,-1,0,-0.848,0.055,0,0,0,0.19,0.025,0.32,-3.08456,0.014,0.589305,0,1,24,12,1,1,0.2,12,1,0,0,1,1
"World/Woody[4]/Pelvis[0]/RightHip[3]/RoundedToe[5]","RoundedToe",Sphere,Woody-boots,10,0,-0.78,0.16,0,0,0,0.18,0.09,0.13,-3.04864,0.082,0.687973,0,1,925,1656,1,1,0.6,48,1,0,0,1,1
"World/Woody[4]/Pelvis[0]/Torso[4]","Torso",Joint,,-1,0,0.09,0,0,0,0,1,1,1,-3,0.952,0.5,0,1,0,0,0,0,0,0,0,0,0,0,0
"World/Woody[4]/Pelvis[0]/Torso[4]/Chest[0]","Chest",Cube,Woody-shirt,11,0,0.25,0,0,0,0,0.42,0.5,0.24,-3,1.202,0.5,0,1,24,12,1,1,0.15,12,1,0,0,1,1
"World/Woody[4]/Pelvis[0]/Torso[4]/VestLeft[1]","VestLeft",Cube,Woody-vest,12,0.13,0.27,0.125,0,0,0,0.15,0.44,0.02,-2.83509,1.222,0.572999,0,1,24,12,1,1,0.15,12,1,0,0,1,1
"World/Woody[4]/Pelvis[0]/Torso[4]/VestRight[2]","VestRight",Cube,Woody-vest,12,-0.13,0.27,0.125,0,0,0,0.15,0.44,0.02,-3.07941,1.222,0.661924,0,1,24,12,1,1,0.15,12,1,0,0,1,1
"World/Woody[4]/Pelvis[0]/Torso[4]/VestBack[3]","VestBack",Cube,Woody-vest,12,0,0.27,-0.125,0,0,0,0.43,0.44,0.02,-3.04275,1.222,0.382538,0,1,24,12,1,1,0.15,12,1,0,0,1,1
"World/Woody[4]/Pelvis[0]/Torso[4]/Neck[4]","Neck",Cylinder,Woody-skin,-1,0,0.54,0,0,0,0,0.1,0.1,0.1,-3,1.492,0.5,0,1,134,128,1,1,0.2,16,1,0,0,1,1
"World/Woody[4]/Pelvis[0]/Torso[4]/Collar[5]","Collar",Cube,Woody-collar,-1,-0.075,0.47,0.14,0,0,-24,0.13,0.1,0.025,-3.02259,1.422,0.657209,0,1,24,12,1,1,0.06,24,1,0,0,1,1
"World/Woody[4]/Pelvis[0]/Torso[4]/Collar[6]","Collar",Cube,Woody-collar,-1,0.075,0.47,0.14,0,0,24,0.13,0.1,0.025,-2.88164,1.422,0.605905,0,1,24,12,1,1,0.06,24,1,0,0,1,1
"World/Woody[4]/Pelvis[0]/Torso[4]/Neckerchief[7]","Neckerchief",Cylinder,Woody-scarf,-1,0,0.53,0,0,0,0,0.17,0.055,0.17,-3,1.482,0.5,0,1,134,128,1,1,0.04,24,1,0,0,1,1
"World/Woody[4]/Pelvis[0]/Torso[4]/ScarfKnot[8]","ScarfKnot",Sphere,Woody-scarf,-1,0,0.5,0.13,0,0,0,0.065,0.065,0.065,-2.95554,1.452,0.62216,0,1,925,1656,1,1,0.04,24,1,0,0,1,1
"World/Woody[4]/Pelvis[0]/Torso[4]/ScarfTail[9]","ScarfTail",Cone,Woody-scarf,-1,0.025,0.4,0.155,0,0,12,0.065,0.18,0.015,-2.92349,1.352,0.637102,0,1,99,64,1,1,0.04,24,1,0,0,1,1
"World/Woody[4]/Pelvis[0]/Torso[4]/SheriffBadge[10]","SheriffBadge",Cylinder,brass,-1,0.14,0.39,0.145,90,0,0,0.09,0.015,0.09,-2.81885,1.342,0.588373,0,1,134,128,1,1,0.8,64,1,0,0,1,1
"World/Woody[4]/Pelvis[0]/Torso[4]/LeftShoulder[11]","LeftShoulder",Joint,,-1,0.27,0.46,0,-0,0,6,1,1,1,-2.74628,1.412,0.407655,0,1,0,0,0,0,0,0,0,0,0,0,0
"World/Woody[4]/Pelvis[0]/Torso[4]/LeftShoulder[11]/UpperArm[0]","UpperArm",Cylinder,Woody-shirt,11,0,-0.14,0,0,0,0,0.12,0.28,0.12,-2.73253,1.27277,0.402649,0,1,134,128,1,1,0.15,12,1,0,0,1,1
"World/Woody[4]/Pelvis[0]/Torso[4]/LeftShoulder[11]/ShoulderBall[1]","ShoulderBall",Sphere,Woody-shirt,11,0,0,0,0,0,0,0.13,0.13,0.13,-2.74628,1.412,0.407655,0,1,925,1656,1,1,0.15,12,1,0,0,1,1
"World/Woody[4]/Pelvis[0]/Torso[4]/LeftShoulder[11]/Elbow[2]","Elbow",Sphere,Woody-shirt,11,0,-0.29,0,0,0,0,0.12,0.12,0.12,-2.7178,1.12359,0.397287,0,1,925,1656,1,1,0.15,12,1,0,0,1,1
"World/Woody[4]/Pelvis[0]/Torso[4]/LeftShoulder[11]/Forearm[3]","Forearm",Cylinder,Woody-shirt,11,0,-0.41,0,0,0,0,0.105,0.23,0.105,-2.70601,1.00425,0.392997,0,1,134,128,1,1,0.15,12,1,0,0,1,1
"World/Woody[4]/Pelvis[0]/Torso[4]/LeftShoulder[11]/Cuff[4]","Cuff",Cylinder,Woody-shirt,11,0,-0.5,0,0,0,0,0.125,0.06,0.125,-2.69717,0.914739,0.389779,0,1,134,128,1,1,0.15,12,1,0,0,1,1
"World/Woody[4]/Pelvis[0]/Torso[4]/LeftShoulder[11]/Hand[5]","Hand",Sphere,Woody-hands,-1,0,-0.57,0,0,0,0,0.13,0.14,0.09,-2.69029,0.845123,0.387277,0,1,925,1656,1,1,0.2,16,1,0,0,1,1
"World/Woody[4]/Pelvis[0]/Torso[4]/LeftShoulder[11]/Fingers[6]","Fingers",Sphere,Woody-hands,-1,-0.002,-0.63,0.022,0,0,0,0.12,0.09,0.06,-2.67875,0.785242,0.406485,0,1,925,1656,1,1,0.2,16,1,0,0,1,1
"World/Woody[4]/Pelvis[0]/Torso[4]/LeftShoulder[11]/Thumb[7]","Thumb",Sphere,Woody-hands,-1,0.068,-0.565,0.025,0,0,0,0.06,0.065,0.05,-2.61869,0.857203,0.387818,0,1,925,1656,1,1,0.2,16,1,0,0,1,1
"World/Woody[4]/Pelvis[0]/Torso[4]/RightShoulder[12]","RightShoulder",Joint,,-1,-0.27,0.46,0,0,0,-6,1,1,1,-3.25372,1.412,0.592345,0,1,0,0,0,0,0,0,0,0,0,0,0
"World/Woody[4]/Pelvis[0]/Torso[4]/RightShoulder[12]/UpperArm[0]","UpperArm",Cylinder,Woody-shirt,11,0,-0.14,0,0,0,0,0.12,0.28,0.12,-3.26747,1.27277,0.597351,0,1,134,128,1,1,0.15,12,1,0,0,1,1
"World/Woody[4]/Pelvis[0]/Torso[4]/RightShoulder[12]/ShoulderBall[1]","ShoulderBall",Sphere,Woody-shirt,11,0,0,0,0,0,0,0.13,0.13,0.13,-3.25372,1.412,0.592345,0,1,925,1656,1,1,0.15,12,1,0,0,1,1
"World/Woody[4]/Pelvis[0]/Torso[4]/RightShoulder[12]/Elbow[2]","Elbow",Sphere,Woody-shirt,11,0,-0.29,0,0,0,0,0.12,0.12,0.12,-3.2822,1.12359,0.602713,0,1,925,1656,1,1,0.15,12,1,0,0,1,1
"World/Woody[4]/Pelvis[0]/Torso[4]/RightShoulder[12]/Forearm[3]","Forearm",Cylinder,Woody-shirt,11,0,-0.41,0,0,0,0,0.105,0.23,0.105,-3.29399,1.00425,0.607003,0,1,134,128,1,1,0.15,12,1,0,0,1,1
"World/Woody[4]/Pelvis[0]/Torso[4]/RightShoulder[12]/Cuff[4]","Cuff",Cylinder,Woody-shirt,11,0,-0.5,0,0,0,0,0.125,0.06,0.125,-3.30283,0.914739,0.610221,0,1,134,128,1,1,0.15,12,1,0,0,1,1
"World/Woody[4]/Pelvis[0]/Torso[4]/RightShoulder[12]/Hand[5]","Hand",Sphere,Woody-hands,-1,0,-0.57,0,0,0,0,0.13,0.14,0.09,-3.30971,0.845123,0.612723,0,1,925,1656,1,1,0.2,16,1,0,0,1,1
"World/Woody[4]/Pelvis[0]/Torso[4]/RightShoulder[12]/Fingers[6]","Fingers",Sphere,Woody-hands,-1,-0.002,-0.63,0.022,0,0,0,0.12,0.09,0.06,-3.30994,0.78566,0.636222,0,1,925,1656,1,1,0.2,16,1,0,0,1,1
"World/Woody[4]/Pelvis[0]/Torso[4]/RightShoulder[12]/Thumb[7]","Thumb",Sphere,Woody-hands,-1,0.068,-0.565,0.025,0,0,0,0.06,0.065,0.05,-3.23711,0.842987,0.612907,0,1,925,1656,1,1,0.2,16,1,0,0,1,1
"World/Woody[4]/Pelvis[0]/Torso[4]/Head[13]","Head",Joint,,-1,0,0.56,0,5.80477,-23.901,0,1,1,1,-3,1.512,0.5,0,1,0,0,0,0,0,0,0,0,0,0,0
"World/Woody[4]/Pelvis[0]/Torso[4]/Head[13]/Skull[0]","Skull",Sphere,Woody-skin,-1,0,0.2,0,0,0,0,0.34,0.38,0.34,-3.00138,1.71097,0.520181,0,1,925,1656,1,1,0.2,16,1,0,0,1,1
"World/Woody[4]/Pelvis[0]/Torso[4]/Head[13]/EyeRight[1]","EyeRight",Sphere,eye-white,-1,-0.07,0.24,0.145,0,0,0,0.08,0.09,0.05,-3.0813,1.7361,0.663377,0,1,925,1656,1,1,0.8,96,1,0,0,1,1
"World/Woody[4]/Pelvis[0]/Torso[4]/Head[13]/PupilRight[2]","PupilRight",Sphere,eye-pupil,-1,-0.07,0.24,0.165,0,0,0,0.04,0.05,0.03,-3.08266,1.73408,0.683228,0,1,925,1656,1,1,0.9,128,1,0,0,1,1
"World/Woody[4]/Pelvis[0]/Torso[4]/Head[13]/EyeLeft[3]","EyeLeft",Sphere,eye-white,-1,0.07,0.24,0.145,0,0,0,0.08,0.09,0.05,-2.94163,1.7361,0.672902,0,1,925,1656,1,1,0.8,96,1,0,0,1,1
"World/Woody[4]/Pelvis[0]/Torso[4]/Head[13]/PupilLeft[4]","PupilLeft",Sphere,eye-pupil,-1,0.07,0.24,0.165,0,0,0,0.04,0.05,0.03,-2.94298,1.73408,0.692753,0,1,925,1656,1,1,0.9,128,1,0,0,1,1
"World/Woody[4]/Pelvis[0]/Torso[4]/Head[13]/Nose[5]","Nose",Sphere,Woody-skin,-1,0,0.18,0.17,0,0,0,0.055,0.055,0.055,-3.01274,1.67388,0.686899,0,1,925,1656,1,1,0.2,16,1,0,0,1,1
"World/Woody[4]/Pelvis[0]/Torso[4]/Head[13]/Mouth[6]","Mouth",Cube,mouth,-1,0,0.1,0.15,0,0,0,0.1,0.02,0.03,-3.01084,1.59632,0.658976,0,1,24,12,1,1,0.2,16,1,0,0,1,1
"World/Woody[4]/Pelvis[0]/Torso[4]/Head[13]/Ear[7]","Ear",Sphere,Woody-skin,-1,-0.17,0.2,0,0,0,0,0.07,0.11,0.055,-3.17098,1.71097,0.508615,0,1,925,1656,1,1,0.2,16,1,0,0,1,1
"World/Woody[4]/Pelvis[0]/Torso[4]/Head[13]/Iris[8]","Iris",Sphere,Woody-iris,-1,-0.07,0.24,0.168,0,0,0,0.046,0.052,0.014,-3.08286,1.73378,0.686206,0,1,925,1656,1,1,0.65,72,1,0,0,1,1
"World/Woody[4]/Pelvis[0]/Torso[4]/Head[13]/Eyebrow[9]","Eyebrow",Cube,Woody-hair,-1,-0.072,0.303,0.146,0,0,-9,0.079,0.016,0.019,-3.0838,1.79868,0.670591,0,1,24,12,1,1,0.3,24,1,0,0,1,1
"World/Woody[4]/Pelvis[0]/Torso[4]/Head[13]/Cheek[10]","Cheek",Sphere,Woody-skin,-1,-0.095,0.14,0.12,0,0,0,0.09,0.075,0.06,-3.10387,1.63915,0.626772,0,1,925,1656,1,1,0.2,16,1,0,0,1,1
"World/Woody[4]/Pelvis[0]/Torso[4]/Head[13]/Ear[11]","Ear",Sphere,Woody-skin,-1,0.17,0.2,0,0,0,0,0.07,0.11,0.055,-2.83177,1.71097,0.531747,0,1,925,1656,1,1,0.2,16,1,0,0,1,1
"World/Woody[4]/Pelvis[0]/Torso[4]/Head[13]/Iris[12]","Iris",Sphere,Woody-iris,-1,0.07,0.24,0.168,0,0,0,0.046,0.052,0.014,-2.94318,1.73378,0.695731,0,1,925,1656,1,1,0.65,72,1,0,0,1,1
"World/Woody[4]/Pelvis[0]/Torso[4]/Head[13]/Eyebrow[13]","Eyebrow",Cube,Woody-hair,-1,0.072,0.303,0.146,0,0,9,0.079,0.016,0.019,-2.94013,1.79868,0.680387,0,1,24,12,1,1,0.3,24,1,0,0,1,1
"World/Woody[4]/Pelvis[0]/Torso[4]/Head[13]/Cheek[14]","Cheek",Sphere,Woody-skin,-1,0.095,0.14,0.12,0,0,0,0.09,0.075,0.06,-2.91431,1.63915,0.639698,0,1,925,1656,1,1,0.2,16,1,0,0,1,1
"World/Woody[4]/Pelvis[0]/Torso[4]/Head[13]/ChinDetail[15]","ChinDetail",Sphere,Woody-skin,-1,0,0.04,0.11,0,0,0,0.17,0.075,0.09,-3.00772,1.54067,0.613219,0,1,925,1656,1,1,0.2,16,1,0,0,1,1
"World/Woody[4]/Pelvis[0]/Torso[4]/Head[13]/Hair[16]","Hair",Sphere,Woody-hair,-1,0,0.27,-0.035,0,0,0,0.36,0.32,0.35,-2.99949,1.78416,0.492504,0,1,925,1656,1,1,0.3,24,1,0,0,1,1
"World/Woody[4]/Pelvis[0]/Torso[4]/Head[13]/HatBrim[17]","HatBrim",Cylinder,Woody-hat,10,0,0.38,0,0,0,0,0.66,0.03,0.66,-3.00261,1.89005,0.538344,0,1,134,128,1,1,0.2,16,1,0,0,1,1
"World/Woody[4]/Pelvis[0]/Torso[4]/Head[13]/HatCrown[18]","HatCrown",Cylinder,Woody-hat,10,0,0.49,0,0,0,0,0.3,0.2,0.3,-3.00337,1.99949,0.549443,0,1,134,128,1,1,0.2,16,1,0,0,1,1
"World/Woody[4]/Pelvis[0]/Torso[4]/Head[13]/HatBand[19]","HatBand",Cylinder,Woody-belt,10,0,0.42,0,0,0,0,0.31,0.04,0.31,-3.00289,1.92985,0.54238,0,1,134,128,1,1,0.4,32,1,0,0,1,1
"World/Woody[4]/Pelvis[0]/Holster[5]","Holster",Cube,Woody-belt,10,-0.24,-0.1,0,0,0,-12,0.09,0.23,0.15,-3.22553,0.762,0.582085,0,1,24,12,1,1,0.4,32,1,0,0,1,1
"World/Jessie[5]","Jessie",Joint,,-1,-0.8,0.012,2,0,0,0,1,1,1,-0.8,0.012,2,0,1,0,0,0,0,0,0,0,0,0,0,0
"World/Jessie[5]/Pelvis[0]","Pelvis",Joint,,-1,0,0.85,0,0,0,0,1,1,1,-0.8,0.862,2,0,1,0,0,0,0,0,0,0,0,0,0,0
"World/Jessie[5]/Pelvis[0]/Belt[0]","Belt",Cube,Jessie-belt,10,0,0.03,0,0,0,0,0.4,0.12,0.25,-0.8,0.892,2,0,1,24,12,1,1,0.4,32,1,0,0,1,1
"World/Jessie[5]/Pelvis[0]/Buckle[1]","Buckle",Cube,brass,-1,0,0.03,0.13,0,0,0,0.11,0.08,0.03,-0.8,0.892,2.13,0,1,24,12,1,1,0.8,64,1,0,0,1,1
"World/Jessie[5]/Pelvis[0]/LeftHip[2]","LeftHip",Joint,,-1,0.11,0,0,0,0,0,1,1,1,-0.69,0.862,2,0,1,0,0,0,0,0,0,0,0,0,0,0
"World/Jessie[5]/Pelvis[0]/LeftHip[2]/Leg[0]","Leg",Cylinder,Jessie-pants,9,0,-0.31,0,0,0,0,0.15,0.62,0.15,-0.69,0.552,2,0,1,134,128,1,1,0.1,8,1,0,0,2,2
"World/Jessie[5]/Pelvis[0]/LeftHip[2]/BootShaft[1]","BootShaft",Cylinder,Jessie-boots,10,0,-0.67,0,0,0,0,0.18,0.22,0.18,-0.69,0.192,2,0,1,134,128,1,1,0.6,48,1,0,0,1,1
"World/Jessie[5]/Pelvis[0]/LeftHip[2]/Foot[2]","Foot",Cube,Jessie-boots,10,0,-0.8,0.05,0,0,0,0.18,0.1,0.3,-0.69,0.062,2.05,0,1,24,12,1,1,0.6,48,1,0,0,1,1
"World/Jessie[5]/Pelvis[0]/LeftHip[2]/Knee[3]","Knee",Sphere,Jessie-pants,9,0,-0.34,0.035,0,0,0,0.155,0.16,0.13,-0.69,0.522,2.035,0,1,925,1656,1,1,0.1,8,1,0,0,2,2
"World/Jessie[5]/Pelvis[0]/LeftHip[2]/Sole[4]","Sole",Cube,boot-sole,-1,0,-0.848,0.055,0,0,0,0.19,0.025,0.32,-0.69,0.014,2.055,0,1,24,12,1,1,0.2,12,1,0,0,1,1
"World/Jessie[5]/Pelvis[0]/LeftHip[2]/RoundedToe[5]","RoundedToe",Sphere,Jessie-boots,10,0,-0.78,0.16,0,0,0,0.18,0.09,0.13,-0.69,0.082,2.16,0,1,925,1656,1,1,0.6,48,1,0,0,1,1
"World/Jessie[5]/Pelvis[0]/RightHip[3]","RightHip",Joint,,-1,-0.11,0,0,-0,0,0,1,1,1,-0.91,0.862,2,0,1,0,0,0,0,0,0,0,0,0,0,0
"World/Jessie[5]/Pelvis[0]/RightHip[3]/Leg[0]","Leg",Cylinder,Jessie-pants,9,0,-0.31,0,0,0,0,0.15,0.62,0.15,-0.91,0.552,2,0,1,134,128,1,1,0.1,8,1,0,0,2,2
"World/Jessie[5]/Pelvis[0]/RightHip[3]/BootShaft[1]","BootShaft",Cylinder,Jessie-boots,10,0,-0.67,0,0,0,0,0.18,0.22,0.18,-0.91,0.192,2,0,1,134,128,1,1,0.6,48,1,0,0,1,1
"World/Jessie[5]/Pelvis[0]/RightHip[3]/Foot[2]","Foot",Cube,Jessie-boots,10,0,-0.8,0.05,0,0,0,0.18,0.1,0.3,-0.91,0.062,2.05,0,1,24,12,1,1,0.6,48,1,0,0,1,1
"World/Jessie[5]/Pelvis[0]/RightHip[3]/Knee[3]","Knee",Sphere,Jessie-pants,9,0,-0.34,0.035,0,0,0,0.155,0.16,0.13,-0.91,0.522,2.035,0,1,925,1656,1,1,0.1,8,1,0,0,2,2
"World/Jessie[5]/Pelvis[0]/RightHip[3]/Sole[4]","Sole",Cube,boot-sole,-1,0,-0.848,0.055,0,0,0,0.19,0.025,0.32,-0.91,0.014,2.055,0,1,24,12,1,1,0.2,12,1,0,0,1,1
"World/Jessie[5]/Pelvis[0]/RightHip[3]/RoundedToe[5]","RoundedToe",Sphere,Jessie-boots,10,0,-0.78,0.16,0,0,0,0.18,0.09,0.13,-0.91,0.082,2.16,0,1,925,1656,1,1,0.6,48,1,0,0,1,1
"World/Jessie[5]/Pelvis[0]/Torso[4]","Torso",Joint,,-1,0,0.09,0,0,0,0,1,1,1,-0.8,0.952,2,0,1,0,0,0,0,0,0,0,0,0,0,0
"World/Jessie[5]/Pelvis[0]/Torso[4]/Chest[0]","Chest",Cube,Jessie-shirt,8,0,0.25,0,0,0,0,0.42,0.5,0.24,-0.8,1.202,2,0,1,24,12,1,1,0.15,12,1,0,0,1,1
"World/Jessie[5]/Pelvis[0]/Torso[4]/VestLeft[1]","VestLeft",Cube,Jessie-vest,8,0.13,0.27,0.125,0,0,0,0.15,0.44,0.02,-0.67,1.222,2.125,0,1,24,12,1,1,0.15,12,1,0,0,1,1
"World/Jessie[5]/Pelvis[0]/Torso[4]/VestRight[2]","VestRight",Cube,Jessie-vest,8,-0.13,0.27,0.125,0,0,0,0.15,0.44,0.02,-0.93,1.222,2.125,0,1,24,12,1,1,0.15,12,1,0,0,1,1
"World/Jessie[5]/Pelvis[0]/Torso[4]/VestBack[3]","VestBack",Cube,Jessie-vest,8,0,0.27,-0.125,0,0,0,0.43,0.44,0.02,-0.8,1.222,1.875,0,1,24,12,1,1,0.15,12,1,0,0,1,1
"World/Jessie[5]/Pelvis[0]/Torso[4]/Neck[4]","Neck",Cylinder,Jessie-skin,-1,0,0.54,0,0,0,0,0.1,0.1,0.1,-0.8,1.492,2,0,1,134,128,1,1,0.2,16,1,0,0,1,1
"World/Jessie[5]/Pelvis[0]/Torso[4]/Collar[5]","Collar",Cube,Jessie-collar,-1,-0.075,0.47,0.14,0,0,-24,0.13,0.1,0.025,-0.875,1.422,2.14,0,1,24,12,1,1,0.06,24,1,0,0,1,1
"World/Jessie[5]/Pelvis[0]/Torso[4]/Collar[6]","Collar",Cube,Jessie-collar,-1,0.075,0.47,0.14,0,0,24,0.13,0.1,0.025,-0.725,1.422,2.14,0,1,24,12,1,1,0.06,24,1,0,0,1,1
"World/Jessie[5]/Pelvis[0]/Torso[4]/Neckerchief[7]","Neckerchief",Cylinder,Jessie-scarf,-1,0,0.53,0,0,0,0,0.17,0.055,0.17,-0.8,1.482,2,0,1,134,128,1,1,0.04,24,1,0,0,1,1
"World/Jessie[5]/Pelvis[0]/Torso[4]/ScarfKnot[8]","ScarfKnot",Sphere,Jessie-scarf,-1,0,0.5,0.13,0,0,0,0.065,0.065,0.065,-0.8,1.452,2.13,0,1,925,1656,1,1,0.04,24,1,0,0,1,1
"World/Jessie[5]/Pelvis[0]/Torso[4]/ScarfTail[9]","ScarfTail",Cone,Jessie-scarf,-1,0.025,0.4,0.155,0,0,12,0.065,0.18,0.015,-0.775,1.352,2.155,0,1,99,64,1,1,0.04,24,1,0,0,1,1
"World/Jessie[5]/Pelvis[0]/Torso[4]/LeftShoulder[10]","LeftShoulder",Joint,,-1,0.27,0.46,0,-0,0,6,1,1,1,-0.53,1.412,2,0,1,0,0,0,0,0,0,0,0,0,0,0
"World/Jessie[5]/Pelvis[0]/Torso[4]/LeftShoulder[10]/UpperArm[0]","UpperArm",Cylinder,Jessie-shirt,8,0,-0.14,0,0,0,0,0.12,0.28,0.12,-0.515366,1.27277,2,0,1,134,128,1,1,0.15,12,1,0,0,1,1
"World/Jessie[5]/Pelvis[0]/Torso[4]/LeftShoulder[10]/ShoulderBall[1]","ShoulderBall",Sphere,Jessie-shirt,8,0,0,0,0,0,0,0.13,0.13,0.13,-0.53,1.412,2,0,1,925,1656,1,1,0.15,12,1,0,0,1,1
"World/Jessie[5]/Pelvis[0]/Torso[4]/LeftShoulder[10]/Elbow[2]","Elbow",Sphere,Jessie-shirt,8,0,-0.29,0,0,0,0,0.12,0.12,0.12,-0.499687,1.12359,2,0,1,925,1656,1,1,0.15,12,1,0,0,1,1
"World/Jessie[5]/Pelvis[0]/Torso[4]/LeftShoulder[10]/Forearm[3]","Forearm",Cylinder,Jessie-shirt,8,0,-0.41,0,0,0,0,0.105,0.23,0.105,-0.487143,1.00425,2,0,1,134,128,1,1,0.15,12,1,0,0,1,1
"World/Jessie[5]/Pelvis[0]/Torso[4]/LeftShoulder[10]/Cuff[4]","Cuff",Cylinder,Jessie-shirt,8,0,-0.5,0,0,0,0,0.125,0.06,0.125,-0.477736,0.914739,2,0,1,134,128,1,1,0.15,12,1,0,0,1,1
"World/Jessie[5]/Pelvis[0]/Torso[4]/LeftShoulder[10]/Hand[5]","Hand",Sphere,Jessie-hands,-1,0,-0.57,0,0,0,0,0.13,0.14,0.09,-0.470419,0.845123,2,0,1,925,1656,1,1,0.2,16,1,0,0,1,1
"World/Jessie[5]/Pelvis[0]/Torso[4]/LeftShoulder[10]/Fingers[6]","Fingers",Sphere,Jessie-hands,-1,-0.002,-0.63,0.022,0,0,0,0.12,0.09,0.06,-0.466136,0.785242,2.022,0,1,925,1656,1,1,0.2,16,1,0,0,1,1
"World/Jessie[5]/Pelvis[0]/Torso[4]/LeftShoulder[10]/Thumb[7]","Thumb",Sphere,Jessie-hands,-1,0.068,-0.565,0.025,0,0,0,0.06,0.065,0.05,-0.403314,0.857203,2.025,0,1,925,1656,1,1,0.2,16,1,0,0,1,1
"World/Jessie[5]/Pelvis[0]/Torso[4]/RightShoulder[11]","RightShoulder",Joint,,-1,-0.27,0.46,0,0,0,-6,1,1,1,-1.07,1.412,2,0,1,0,0,0,0,0,0,0,0,0,0,0
"World/Jessie[5]/Pelvis[0]/Torso[4]/RightShoulder[11]/UpperArm[0]","UpperArm",Cylinder,Jessie-shirt,8,0,-0.14,0,0,0,0,0.12,0.28,0.12,-1.08463,1.27277,2,0,1,134,128,1,1,0.15,12,1,0,0,1,1
"World/Jessie[5]/Pelvis[0]/Torso[4]/RightShoulder[11]/ShoulderBall[1]","ShoulderBall",Sphere,Jessie-shirt,8,0,0,0,0,0,0,0.13,0.13,0.13,-1.07,1.412,2,0,1,925,1656,1,1,0.15,12,1,0,0,1,1
"World/Jessie[5]/Pelvis[0]/Torso[4]/RightShoulder[11]/Elbow[2]","Elbow",Sphere,Jessie-shirt,8,0,-0.29,0,0,0,0,0.12,0.12,0.12,-1.10031,1.12359,2,0,1,925,1656,1,1,0.15,12,1,0,0,1,1
"World/Jessie[5]/Pelvis[0]/Torso[4]/RightShoulder[11]/Forearm[3]","Forearm",Cylinder,Jessie-shirt,8,0,-0.41,0,0,0,0,0.105,0.23,0.105,-1.11286,1.00425,2,0,1,134,128,1,1,0.15,12,1,0,0,1,1
"World/Jessie[5]/Pelvis[0]/Torso[4]/RightShoulder[11]/Cuff[4]","Cuff",Cylinder,Jessie-shirt,8,0,-0.5,0,0,0,0,0.125,0.06,0.125,-1.12226,0.914739,2,0,1,134,128,1,1,0.15,12,1,0,0,1,1
"World/Jessie[5]/Pelvis[0]/Torso[4]/RightShoulder[11]/Hand[5]","Hand",Sphere,Jessie-hands,-1,0,-0.57,0,0,0,0,0.13,0.14,0.09,-1.12958,0.845123,2,0,1,925,1656,1,1,0.2,16,1,0,0,1,1
"World/Jessie[5]/Pelvis[0]/Torso[4]/RightShoulder[11]/Fingers[6]","Fingers",Sphere,Jessie-hands,-1,-0.002,-0.63,0.022,0,0,0,0.12,0.09,0.06,-1.13784,0.78566,2.022,0,1,925,1656,1,1,0.2,16,1,0,0,1,1
"World/Jessie[5]/Pelvis[0]/Torso[4]/RightShoulder[11]/Thumb[7]","Thumb",Sphere,Jessie-hands,-1,0.068,-0.565,0.025,0,0,0,0.06,0.065,0.05,-1.06143,0.842987,2.025,0,1,925,1656,1,1,0.2,16,1,0,0,1,1
"World/Jessie[5]/Pelvis[0]/Torso[4]/Head[12]","Head",Joint,,-1,0,0.56,0,5.80477,-6.74499,0,1,1,1,-0.8,1.512,2,0,1,0,0,0,0,0,0,0,0,0,0,0
"World/Jessie[5]/Pelvis[0]/Torso[4]/Head[12]/Skull[0]","Skull",Sphere,Jessie-skin,-1,0,0.2,0,0,0,0,0.34,0.38,0.34,-0.802376,1.71097,2.02009,0,1,925,1656,1,1,0.2,16,1,0,0,1,1
"World/Jessie[5]/Pelvis[0]/Torso[4]/Head[12]/EyeRight[1]","EyeRight",Sphere,eye-white,-1,-0.07,0.24,0.145,0,0,0,0.08,0.09,0.05,-0.889309,1.7361,2.15914,0,1,925,1656,1,1,0.8,96,1,0,0,1,1
"World/Jessie[5]/Pelvis[0]/Torso[4]/Head[12]/PupilRight[2]","PupilRight",Sphere,eye-pupil,-1,-0.07,0.24,0.165,0,0,0,0.04,0.05,0.03,-0.891646,1.73408,2.1789,0,1,925,1656,1,1,0.9,128,1,0,0,1,1
"World/Jessie[5]/Pelvis[0]/Torso[4]/Head[12]/EyeLeft[3]","EyeLeft",Sphere,eye-white,-1,0.07,0.24,0.145,0,0,0,0.08,0.09,0.05,-0.750278,1.7361,2.17559,0,1,925,1656,1,1,0.8,96,1,0,0,1,1
"World/Jessie[5]/Pelvis[0]/Torso[4]/Head[12]/PupilLeft[4]","PupilLeft",Sphere,eye-pupil,-1,0.07,0.24,0.165,0,0,0,0.04,0.05,0.03,-0.752615,1.73408,2.19534,0,1,925,1656,1,1,0.9,128,1,0,0,1,1
"World/Jessie[5]/Pelvis[0]/Torso[4]/Head[12]/Nose[5]","Nose",Sphere,Jessie-skin,-1,0,0.18,0.17,0,0,0,0.055,0.055,0.055,-0.822002,1.67388,2.18604,0,1,925,1656,1,1,0.2,16,1,0,0,1,1
"World/Jessie[5]/Pelvis[0]/Torso[4]/Head[12]/Mouth[6]","Mouth",Cube,mouth,-1,0,0.1,0.15,0,0,0,0.1,0.02,0.03,-0.818715,1.59632,2.15824,0,1,24,12,1,1,0.2,16,1,0,0,1,1
"World/Jessie[5]/Pelvis[0]/Torso[4]/Head[12]/Ear[7]","Ear",Sphere,Jessie-skin,-1,-0.17,0.2,0,0,0,0,0.07,0.11,0.055,-0.971199,1.71097,2.00012,0,1,925,1656,1,1,0.2,16,1,0,0,1,1
"World/Jessie[5]/Pelvis[0]/Torso[4]/Head[12]/Iris[8]","Iris",Sphere,Jessie-iris,-1,-0.07,0.24,0.168,0,0,0,0.046,0.052,0.014,-0.891997,1.73378,2.18187,0,1,925,1656,1,1,0.65,72,1,0,0,1,1
"World/Jessie[5]/Pelvis[0]/Torso[4]/Head[12]/Eyebrow[9]","Eyebrow",Cube,Jessie-hair,-1,-0.072,0.303,0.146,0,0,-9,0.079,0.016,0.019,-0.892161,1.79868,2.16622,0,1,24,12,1,1,0.3,24,1,0,0,1,1
"World/Jessie[5]/Pelvis[0]/Torso[4]/Head[12]/Cheek[10]","Cheek",Sphere,Jessie-skin,-1,-0.095,0.14,0.12,0,0,0,0.09,0.075,0.06,-0.910027,1.63915,2.12146,0,1,925,1656,1,1,0.2,16,1,0,0,1,1
"World/Jessie[5]/Pelvis[0]/Torso[4]/Head[12]/Ear[11]","Ear",Sphere,Jessie-skin,-1,0.17,0.2,0,0,0,0,0.07,0.11,0.055,-0.633552,1.71097,2.04005,0,1,925,1656,1,1,0.2,16,1,0,0,1,1
"World/Jessie[5]/Pelvis[0]/Torso[4]/Head[12]/Iris[12]","Iris",Sphere,Jessie-iris,-1,0.07,0.24,0.168,0,0,0,0.046,0.052,0.014,-0.752966,1.73378,2.19831,0,1,925,1656,1,1,0.65,72,1,0,0,1,1
"World/Jessie[5]/Pelvis[0]/Torso[4]/Head[12]/Eyebrow[13]","Eyebrow",Cube,Jessie-hair,-1,0.072,0.303,0.146,0,0,9,0.079,0.016,0.019,-0.749157,1.79868,2.18314,0,1,24,12,1,1,0.3,24,1,0,0,1,1
"World/Jessie[5]/Pelvis[0]/Torso[4]/Head[12]/Cheek[14]","Cheek",Sphere,Jessie-skin,-1,0.095,0.14,0.12,0,0,0,0.09,0.075,0.06,-0.721342,1.63915,2.14378,0,1,925,1656,1,1,0.2,16,1,0,0,1,1
"World/Jessie[5]/Pelvis[0]/Torso[4]/Head[12]/ChinDetail[15]","ChinDetail",Sphere,Jessie-skin,-1,0,0.04,0.11,0,0,0,0.17,0.075,0.09,-0.813329,1.54067,2.1127,0,1,925,1656,1,1,0.2,16,1,0,0,1,1
"World/Jessie[5]/Pelvis[0]/Torso[4]/Head[12]/Hair[16]","Hair",Sphere,Jessie-hair,-1,0,0.27,-0.035,0,0,0,0.36,0.32,0.35,-0.799118,1.78416,1.99254,0,1,925,1656,1,1,0.3,24,1,0,0,1,1
"World/Jessie[5]/Pelvis[0]/Torso[4]/Head[12]/Braid[17]","Braid",Joint,,-1,0,0.22,-0.17,-12,0,0,1,1,1,-0.782749,1.74807,1.85414,0,1,0,0,0,0,0,0,0,0,0,0,0
"World/Jessie[5]/Pelvis[0]/Torso[4]/Head[12]/Braid[17]/Plait[0]","Plait",Cylinder,Jessie-plait,8,0,-0.28,0,0,0,0,0.12,0.56,0.12,-0.786298,1.4697,1.88415,0,1,134,128,1,1,0.3,24,1,0,0,2,6
"World/Jessie[5]/Pelvis[0]/Torso[4]/Head[12]/Braid[17]/Bow[1]","Bow",Sphere,hair-bow,-1,0,-0.02,-0.02,0,0,0,0.16,0.09,0.09,-0.780667,1.72602,1.83654,0,1,925,1656,1,1,0.25,24,1,0,0,1,1
"World/Jessie[5]/Pelvis[0]/Torso[4]/Head[12]/Braid[17]/Tip[2]","Tip",Sphere,Jessie-hair,-1,0,-0.58,0,0,0,0,0.12,0.12,0.12,-0.790101,1.17145,1.9163,0,1,925,1656,1,1,0.3,24,1,0,0,1,1
"World/Jessie[5]/Pelvis[0]/Torso[4]/Head[12]/HatBrim[18]","HatBrim",Cylinder,Jessie-hat,10,0,0.38,0,0,0,0,0.66,0.03,0.66,-0.804514,1.89005,2.03817,0,1,134,128,1,1,0.2,16,1,0,0,1,1
"World/Jessie[5]/Pelvis[0]/Torso[4]/Head[12]/HatCrown[19]","HatCrown",Cylinder,Jessie-hat,10,0,0.49,0,0,0,0,0.3,0.2,0.3,-0.805821,1.99949,2.04922,0,1,134,128,1,1,0.2,16,1,0,0,1,1
"World/Jessie[5]/Pelvis[0]/Torso[4]/Head[12]/HatBand[20]","HatBand",Cylinder,Jessie-belt,10,0,0.42,0,0,0,0,0.31,0.04,0.31,-0.804989,1.92985,2.04218,0,1,134,128,1,1,0.4,32,1,0,0,1,1
"World/Bullseye[6]","Bullseye",Joint,,-1,2.2,0.012,0.3,0,-30,0,1,1,1,2.2,0.012,0.3,0,1,0,0,0,0,0,0,0,0,0,0,0
"World/Bullseye[6]/Body[0]","Body",Joint,,-1,0,0,0,0,0,0,1,1,1,2.2,0.012,0.3,0,1,0,0,0,0,0,0,0,0,0,0,0
"World/Bullseye[6]/Body[0]/Barrel[0]","Barrel",Sphere,horse-coat,8,0,1.25,0,0,0,0,0.72,0.66,1.5,2.2,1.262,0.3,0,1,925,1656,1,1,0.25,20,1,0,0,3,3
"World/Bullseye[6]/Body[0]/Belly[1]","Belly",Sphere,horse-muzzle,-1,0,1.08,0,0,0,0,0.5,0.3,1,2.2,1.092,0.3,0,1,925,1656,1,1,0.2,16,1,0,0,1,1
"World/Bullseye[6]/Body[0]/Saddle[2]","Saddle",Joint,,-1,0,1.55,0,0,0,0,1,1,1,2.2,1.562,0.3,0,1,0,0,0,0,0,0,0,0,0,0,0
"World/Bullseye[6]/Body[0]/Saddle[2]/SaddlePad[0]","SaddlePad",Cube,saddle,10,0,0,0,0,0,0,0.62,0.1,0.62,2.2,1.562,0.3,0,1,24,12,1,1,0.5,40,1,0,0,1,1
"World/Bullseye[6]/Body[0]/Saddle[2]/SaddleFlapL[1]","SaddleFlapL",Cube,saddle,10,0.33,-0.18,0,0,0,0,0.05,0.35,0.4,2.48579,1.382,0.465,0,1,24,12,1,1,0.5,40,1,0,0,1,1
"World/Bullseye[6]/Body[0]/Saddle[2]/SaddleFlapR[2]","SaddleFlapR",Cube,saddle,10,-0.33,-0.18,0,0,0,0,0.05,0.35,0.4,1.91421,1.382,0.135,0,1,24,12,1,1,0.5,40,1,0,0,1,1
"World/Bullseye[6]/Body[0]/Saddle[2]/Horn[3]","Horn",Cylinder,brass,-1,0,0.1,0.26,0,0,0,0.07,0.16,0.07,2.07,1.662,0.525167,0,1,134,128,1,1,0.8,64,1,0,0,1,1
"World/Bullseye[6]/Body[0]/Saddle[2]/StirrupStrap[4]","StirrupStrap",Cube,saddle,10,-0.36,-0.3,0.12,0,0,0,0.035,0.52,0.035,1.82823,1.262,0.223923,0,1,24,12,1,1,0.5,40,1,0,0,1,1
"World/Bullseye[6]/Body[0]/Saddle[2]/StirrupBase[5]","StirrupBase",Cube,brass,-1,-0.36,-0.57,0.12,0,0,0,0.16,0.025,0.13,1.82823,0.992,0.223923,0,1,24,12,1,1,0.8,64,1,0,0,1,1
"World/Bullseye[6]/Body[0]/Saddle[2]/StirrupStrap[6]","StirrupStrap",Cube,saddle,10,0.36,-0.3,0.12,0,0,0,0.035,0.52,0.035,2.45177,1.262,0.583923,0,1,24,12,1,1,0.5,40,1,0,0,1,1
"World/Bullseye[6]/Body[0]/Saddle[2]/StirrupBase[7]","StirrupBase",Cube,brass,-1,0.36,-0.57,0.12,0,0,0,0.16,0.025,0.13,2.45177,0.992,0.583923,0,1,24,12,1,1,0.8,64,1,0,0,1,1
"World/Bullseye[6]/Body[0]/Saddle[2]/Seat[8]","Seat",Joint,,-1,0,0.06,-0.05,0,0,0,1,1,1,2.225,1.622,0.256699,0,1,0,0,0,0,0,0,0,0,0,0,0
"World/Bullseye[6]/Body[0]/Neck[3]","Neck",Joint,,-1,0,1.42,0.62,35,0,0,1,1,1,1.89,1.432,0.836936,0,1,0,0,0,0,0,0,0,0,0,0,0
"World/Bullseye[6]/Body[0]/Neck[3]/NeckShape[0]","NeckShape",Cylinder,horse-coat,8,0,0.38,0,0,0,0,0.3,0.8,0.34,1.78102,1.74328,1.02569,0,1,134,128,1,1,0.25,20,1,0,0,3,3
"World/Bullseye[6]/Body[0]/Neck[3]/Mane[1]","Mane",Cube,horse-mane,8,0,0.42,-0.16,0,0,0,0.07,0.85,0.12,1.83508,1.86782,0.932058,0,1,24,12,1,1,0.2,16,1,0,0,1,4
"World/Bullseye[6]/Body[0]/Neck[3]/Head[2]","Head",Joint,,-1,0,0.8,0,-35,0.166665,0,1,1,1,1.66057,2.08732,1.23432,0,1,0,0,0,0,0,0,0,0,0,0,0
"World/Bullseye[6]/Body[0]/Neck[3]/Head[2]/Skull[0]","Skull",Cube,horse-coat,8,0,0.05,0.2,0,0,0,0.32,0.32,0.55,1.56091,2.13732,1.40772,0,1,24,12,1,1,0.25,20,1,0,0,3,3
"World/Bullseye[6]/Body[0]/Neck[3]/Head[2]/Muzzle[1]","Muzzle",Cube,horse-muzzle,-1,0,-0.02,0.5,0,0,0,0.28,0.26,0.26,1.41163,2.06732,1.66794,0,1,24,12,1,1,0.2,16,1,0,0,1,1
"World/Bullseye[6]/Body[0]/Neck[3]/Head[2]/NostrilL[2]","NostrilL",Sphere,horse-hoof,-1,0.07,0,0.63,0,0,0,0.05,0.05,0.05,1.40758,2.08744,1.81552,0,1,925,1656,1,1,0.5,32,1,0,0,1,1
"World/Bullseye[6]/Body[0]/Neck[3]/Head[2]/NostrilR[3]","NostrilR",Sphere,horse-hoof,-1,-0.07,0,0.63,0,0,0,0.05,0.05,0.05,1.28617,2.08721,1.74581,0,1,925,1656,1,1,0.5,32,1,0,0,1,1
"World/Bullseye[6]/Body[0]/Neck[3]/Head[2]/EyeR[4]","EyeR",Sphere,eye-white,-1,-0.165,0.12,0.25,0,0,0,0.04,0.1,0.1,1.39282,2.20705,1.36887,0,1,925,1656,1,1,0.8,96,1,0,0,1,1
"World/Bullseye[6]/Body[0]/Neck[3]/Head[2]/PupilR[5]","PupilR",Sphere,eye-pupil,-1,-0.18,0.12,0.27,0,0,0,0.03,0.06,0.06,1.36986,2.20702,1.37874,0,1,925,1656,1,1,0.9,128,1,0,0,1,1
"World/Bullseye[6]/Body[0]/Neck[3]/Head[2]/EarR[6]","EarR",Cone,horse-coat,8,-0.1,0.3,0.02,0,0,0,0.1,0.22,0.08,1.56346,2.38715,1.20162,0,1,99,64,1,1,0.25,20,1,0,0,3,3
"World/Bullseye[6]/Body[0]/Neck[3]/Head[2]/EyeL[7]","EyeL",Sphere,eye-white,-1,0.165,0.12,0.25,0,0,0,0.04,0.1,0.1,1.679,2.2076,1.53318,0,1,925,1656,1,1,0.8,96,1,0,0,1,1
"World/Bullseye[6]/Body[0]/Neck[3]/Head[2]/PupilL[8]","PupilL",Sphere,eye-pupil,-1,0.18,0.12,0.27,0,0,0,0.03,0.06,0.06,1.68205,2.20762,1.558,0,1,925,1656,1,1,0.9,128,1,0,0,1,1
"World/Bullseye[6]/Body[0]/Neck[3]/Head[2]/EarL[9]","EarL",Cone,horse-coat,8,0.1,0.3,0.02,0,0,0,0.1,0.22,0.08,1.7369,2.38749,1.30121,0,1,99,64,1,1,0.25,20,1,0,0,3,3
"World/Bullseye[6]/Body[0]/Neck[3]/Head[2]/Forelock[10]","Forelock",Cube,horse-mane,8,0,0.23,0.12,0,0,0,0.1,0.06,0.2,1.60048,2.31732,1.3382,0,1,24,12,1,1,0.2,16,1,0,0,1,4
"World/Bullseye[6]/Body[0]/Neck[3]/Head[2]/BridleNose[11]","BridleNose",Cube,saddle,10,0,0.02,0.52,0,0,0,0.3,0.045,0.27,1.40161,2.10732,1.68526,0,1,24,12,1,1,0.5,40,1,0,0,1,1
"World/Bullseye[6]/Body[0]/Neck[3]/Head[2]/CheekStrap[12]","CheekStrap",Cube,saddle,10,-0.172,0.03,0.25,0,0,0,0.025,0.24,0.045,1.38688,2.11703,1.36546,0,1,24,12,1,1,0.5,40,1,0,0,1,1
"World/Bullseye[6]/Body[0]/Neck[3]/Head[2]/CheekStrap[13]","CheekStrap",Cube,saddle,10,0.172,0.03,0.25,0,0,0,0.025,0.24,0.045,1.6852,2.11761,1.53674,0,1,24,12,1,1,0.5,40,1,0,0,1,1
"World/Bullseye[6]/Body[0]/Tail[4]","Tail",Joint,,-1,0,1.42,-0.72,-30,0,0.833092,1,1,1,2.56,1.432,-0.323538,0,1,0,0,0,0,0,0,0,0,0,0,0
"World/Bullseye[6]/Body[0]/Tail[4]/TailShape[0]","TailShape",Cylinder,horse-mane,8,0,-0.35,0,0,0,0,0.1,0.7,0.1,2.47692,1.12892,-0.169455,0,1,134,128,1,1,0.2,16,1,0,0,1,4
"World/Bullseye[6]/Body[0]/Tail[4]/TailTip[1]","TailTip",Cone,horse-mane,8,0,-0.8,0,180,0,0,0.18,0.3,0.18,2.37009,0.739253,0.0286511,0,1,99,64,1,1,0.2,16,1,0,0,1,4
"World/Bullseye[6]/Body[0]/FrontLeftHip[5]","FrontLeftHip",Joint,,-1,0.22,1,0.5,0,0,0,1,1,1,2.14053,1.012,0.843013,0,1,0,0,0,0,0,0,0,0,0,0,0
"World/Bullseye[6]/Body[0]/FrontLeftHip[5]/Leg[0]","Leg",Cylinder,horse-coat,8,0,-0.45,0,0,0,0,0.15,0.9,0.15,2.14053,0.562,0.843013,0,1,134,128,1,1,0.25,20,1,0,0,3,3
"World/Bullseye[6]/Body[0]/FrontLeftHip[5]/Hoof[1]","Hoof",Cylinder,horse-hoof,-1,0,-0.95,0,0,0,0,0.18,0.1,0.18,2.14053,0.062,0.843013,0,1,134,128,1,1,0.5,32,1,0,0,1,1
"World/Bullseye[6]/Body[0]/FrontLeftHip[5]/Fetlock[2]","Fetlock",Sphere,horse-muzzle,-1,0,-0.82,0,0,0,0,0.18,0.14,0.18,2.14053,0.192,0.843013,0,1,925,1656,1,1,0.2,16,1,0,0,1,1
"World/Bullseye[6]/Body[0]/FrontLeftHip[5]/Knee[3]","Knee",Sphere,horse-coat,8,0,-0.47,0.025,0,0,0,0.18,0.16,0.18,2.12803,0.542,0.864663,0,1,925,1656,1,1,0.25,20,1,0,0,3,3
"World/Bullseye[6]/Body[0]/FrontRightHip[6]","FrontRightHip",Joint,,-1,-0.22,1,0.5,-0,0,0,1,1,1,1.75947,1.012,0.623013,0,1,0,0,0,0,0,0,0,0,0,0,0
"World/Bullseye[6]/Body[0]/FrontRightHip[6]/Leg[0]","Leg",Cylinder,horse-coat,8,0,-0.45,0,0,0,0,0.15,0.9,0.15,1.75947,0.562,0.623013,0,1,134,128,1,1,0.25,20,1,0,0,3,3
"World/Bullseye[6]/Body[0]/FrontRightHip[6]/Hoof[1]","Hoof",Cylinder,horse-hoof,-1,0,-0.95,0,0,0,0,0.18,0.1,0.18,1.75947,0.062,0.623013,0,1,134,128,1,1,0.5,32,1,0,0,1,1
"World/Bullseye[6]/Body[0]/FrontRightHip[6]/Fetlock[2]","Fetlock",Sphere,horse-muzzle,-1,0,-0.82,0,0,0,0,0.18,0.14,0.18,1.75947,0.192,0.623013,0,1,925,1656,1,1,0.2,16,1,0,0,1,1
"World/Bullseye[6]/Body[0]/FrontRightHip[6]/Knee[3]","Knee",Sphere,horse-coat,8,0,-0.47,0.025,0,0,0,0.18,0.16,0.18,1.74697,0.542,0.644663,0,1,925,1656,1,1,0.25,20,1,0,0,3,3
"World/Bullseye[6]/Body[0]/BackLeftHip[7]","BackLeftHip",Joint,,-1,0.22,1,-0.5,-0,0,0,1,1,1,2.64053,1.012,-0.0230127,0,1,0,0,0,0,0,0,0,0,0,0,0
"World/Bullseye[6]/Body[0]/BackLeftHip[7]/Leg[0]","Leg",Cylinder,horse-coat,8,0,-0.45,0,0,0,0,0.15,0.9,0.15,2.64053,0.562,-0.0230127,0,1,134,128,1,1,0.25,20,1,0,0,3,3
"World/Bullseye[6]/Body[0]/BackLeftHip[7]/Hoof[1]","Hoof",Cylinder,horse-hoof,-1,0,-0.95,0,0,0,0,0.18,0.1,0.18,2.64053,0.062,-0.0230127,0,1,134,128,1,1,0.5,32,1,0,0,1,1
"World/Bullseye[6]/Body[0]/BackLeftHip[7]/Fetlock[2]","Fetlock",Sphere,horse-muzzle,-1,0,-0.82,0,0,0,0,0.18,0.14,0.18,2.64053,0.192,-0.0230127,0,1,925,1656,1,1,0.2,16,1,0,0,1,1
"World/Bullseye[6]/Body[0]/BackLeftHip[7]/Knee[3]","Knee",Sphere,horse-coat,8,0,-0.47,0.025,0,0,0,0.18,0.16,0.18,2.62803,0.542,-0.00136206,0,1,925,1656,1,1,0.25,20,1,0,0,3,3
"World/Bullseye[6]/Body[0]/BackRightHip[8]","BackRightHip",Joint,,-1,-0.22,1,-0.5,0,0,0,1,1,1,2.25947,1.012,-0.243013,0,1,0,0,0,0,0,0,0,0,0,0,0
"World/Bullseye[6]/Body[0]/BackRightHip[8]/Leg[0]","Leg",Cylinder,horse-coat,8,0,-0.45,0,0,0,0,0.15,0.9,0.15,2.25947,0.562,-0.243013,0,1,134,128,1,1,0.25,20,1,0,0,3,3
"World/Bullseye[6]/Body[0]/BackRightHip[8]/Hoof[1]","Hoof",Cylinder,horse-hoof,-1,0,-0.95,0,0,0,0,0.18,0.1,0.18,2.25947,0.062,-0.243013,0,1,134,128,1,1,0.5,32,1,0,0,1,1
"World/Bullseye[6]/Body[0]/BackRightHip[8]/Fetlock[2]","Fetlock",Sphere,horse-muzzle,-1,0,-0.82,0,0,0,0,0.18,0.14,0.18,2.25947,0.192,-0.243013,0,1,925,1656,1,1,0.2,16,1,0,0,1,1
"World/Bullseye[6]/Body[0]/BackRightHip[8]/Knee[3]","Knee",Sphere,horse-coat,8,0,-0.47,0.025,0,0,0,0.18,0.16,0.18,2.24697,0.542,-0.221362,0,1,925,1656,1,1,0.25,20,1,0,0,3,3
"World/Buzz[7]","Buzz",Joint,,-1,0.4,0.012,-1.8,0,10,0,1,1,1,0.4,0.012,-1.8,0,1,0,0,0,0,0,0,0,0,0,0,0
"World/Buzz[7]/Pelvis[0]","Pelvis",Joint,,-1,0,0.85,0,0,0,0,1,1,1,0.4,0.862,-1.8,0,1,0,0,0,0,0,0,0,0,0,0,0
"World/Buzz[7]/Pelvis[0]/Belt[0]","Belt",Cube,Buzz-belt,-1,0,0.03,0,0,0,0,0.4,0.12,0.25,0.4,0.892,-1.8,0,1,24,12,1,1,0.4,32,1,0,0,1,1
"World/Buzz[7]/Pelvis[0]/Buckle[1]","Buckle",Cube,brass,-1,0,0.03,0.13,0,0,0,0.11,0.08,0.03,0.422574,0.892,-1.67197,0,1,24,12,1,1,0.8,64,1,0,0,1,1
"World/Buzz[7]/Pelvis[0]/LeftHip[2]","LeftHip",Joint,,-1,0.11,0,0,0,0,0,1,1,1,0.508329,0.862,-1.8191,0,1,0,0,0,0,0,0,0,0,0,0,0
"World/Buzz[7]/Pelvis[0]/LeftHip[2]/Leg[0]","Leg",Cylinder,Buzz-pants,-1,0,-0.31,0,0,0,0,0.15,0.62,0.15,0.508329,0.552,-1.8191,0,1,134,128,1,1,0.1,8,1,0,0,1,1
"World/Buzz[7]/Pelvis[0]/LeftHip[2]/BootShaft[1]","BootShaft",Cylinder,Buzz-boots,-1,0,-0.67,0,0,0,0,0.18,0.22,0.18,0.508329,0.192,-1.8191,0,1,134,128,1,1,0.6,48,1,0,0,1,1
"World/Buzz[7]/Pelvis[0]/LeftHip[2]/Foot[2]","Foot",Cube,Buzz-boots,-1,0,-0.8,0.05,0,0,0,0.18,0.1,0.3,0.517011,0.062,-1.76986,0,1,24,12,1,1,0.6,48,1,0,0,1,1
"World/Buzz[7]/Pelvis[0]/LeftHip[2]/Knee[3]","Knee",Sphere,Buzz-pants,-1,0,-0.34,0.035,0,0,0,0.155,0.16,0.13,0.514407,0.522,-1.78463,0,1,925,1656,1,1,0.1,8,1,0,0,1,1
"World/Buzz[7]/Pelvis[0]/LeftHip[2]/Sole[4]","Sole",Cube,boot-sole,-1,0,-0.848,0.055,0,0,0,0.19,0.025,0.32,0.517879,0.014,-1.76494,0,1,24,12,1,1,0.2,12,1,0,0,1,1
"World/Buzz[7]/Pelvis[0]/LeftHip[2]/RoundedToe[5]","RoundedToe",Sphere,Buzz-boots,-1,0,-0.78,0.16,0,0,0,0.18,0.09,0.13,0.536113,0.082,-1.66153,0,1,925,1656,1,1,0.6,48,1,0,0,1,1
"World/Buzz[7]/Pelvis[0]/LeftHip[2]/KneeArmor[6]","KneeArmor",Sphere,Buzz-vest,-1,0,-0.34,0.06,0,0,0,0.16,0.16,0.12,0.518748,0.522,-1.76001,0,1,925,1656,1,1,0.15,12,1,0,0,1,1
"World/Buzz[7]/Pelvis[0]/RightHip[3]","RightHip",Joint,,-1,-0.11,0,0,0,0,0,1,1,1,0.291671,0.862,-1.7809,0,1,0,0,0,0,0,0,0,0,0,0,0
"World/Buzz[7]/Pelvis[0]/RightHip[3]/Leg[0]","Leg",Cylinder,Buzz-pants,-1,0,-0.31,0,0,0,0,0.15,0.62,0.15,0.291671,0.552,-1.7809,0,1,134,128,1,1,0.1,8,1,0,0,1,1
"World/Buzz[7]/Pelvis[0]/RightHip[3]/BootShaft[1]","BootShaft",Cylinder,Buzz-boots,-1,0,-0.67,0,0,0,0,0.18,0.22,0.18,0.291671,0.192,-1.7809,0,1,134,128,1,1,0.6,48,1,0,0,1,1
"World/Buzz[7]/Pelvis[0]/RightHip[3]/Foot[2]","Foot",Cube,Buzz-boots,-1,0,-0.8,0.05,0,0,0,0.18,0.1,0.3,0.300354,0.062,-1.73166,0,1,24,12,1,1,0.6,48,1,0,0,1,1
"World/Buzz[7]/Pelvis[0]/RightHip[3]/Knee[3]","Knee",Sphere,Buzz-pants,-1,0,-0.34,0.035,0,0,0,0.155,0.16,0.13,0.297749,0.522,-1.74643,0,1,925,1656,1,1,0.1,8,1,0,0,1,1
"World/Buzz[7]/Pelvis[0]/RightHip[3]/Sole[4]","Sole",Cube,boot-sole,-1,0,-0.848,0.055,0,0,0,0.19,0.025,0.32,0.301222,0.014,-1.72673,0,1,24,12,1,1,0.2,12,1,0,0,1,1
"World/Buzz[7]/Pelvis[0]/RightHip[3]/RoundedToe[5]","RoundedToe",Sphere,Buzz-boots,-1,0,-0.78,0.16,0,0,0,0.18,0.09,0.13,0.319455,0.082,-1.62333,0,1,925,1656,1,1,0.6,48,1,0,0,1,1
"World/Buzz[7]/Pelvis[0]/RightHip[3]/KneeArmor[6]","KneeArmor",Sphere,Buzz-vest,-1,0,-0.34,0.06,0,0,0,0.16,0.16,0.12,0.30209,0.522,-1.72181,0,1,925,1656,1,1,0.15,12,1,0,0,1,1
"World/Buzz[7]/Pelvis[0]/Torso[4]","Torso",Joint,,-1,0,0.09,0,0,0,0,1,1,1,0.4,0.952,-1.8,0,1,0,0,0,0,0,0,0,0,0,0,0
"World/Buzz[7]/Pelvis[0]/Torso[4]/Chest[0]","Chest",Cube,Buzz-shirt,-1,0,0.25,0,0,0,0,0.42,0.5,0.24,0.4,1.202,-1.8,0,1,24,12,1,1,0.15,12,1,0,0,1,1
"World/Buzz[7]/Pelvis[0]/Torso[4]/VestLeft[1]","VestLeft",Cube,Buzz-vest,-1,0.13,0.27,0.125,0,0,0,0.15,0.44,0.02,0.549731,1.222,-1.69947,0,1,24,12,1,1,0.15,12,1,0,0,1,1
"World/Buzz[7]/Pelvis[0]/Torso[4]/VestRight[2]","VestRight",Cube,Buzz-vest,-1,-0.13,0.27,0.125,0,0,0,0.15,0.44,0.02,0.293681,1.222,-1.65432,0,1,24,12,1,1,0.15,12,1,0,0,1,1
"World/Buzz[7]/Pelvis[0]/Torso[4]/VestBack[3]","VestBack",Cube,Buzz-vest,-1,0,0.27,-0.125,0,0,0,0.43,0.44,0.02,0.378294,1.222,-1.9231,0,1,24,12,1,1,0.15,12,1,0,0,1,1
"World/Buzz[7]/Pelvis[0]/Torso[4]/Neck[4]","Neck",Cylinder,Buzz-skin,-1,0,0.54,0,0,0,0,0.1,0.1,0.1,0.4,1.492,-1.8,0,1,134,128,1,1,0.2,16,1,0,0,1,1
"World/Buzz[7]/Pelvis[0]/Torso[4]/LeftShoulder[5]","LeftShoulder",Joint,,-1,0.27,0.46,0,-0,0,6,1,1,1,0.665898,1.412,-1.84688,0,1,0,0,0,0,0,0,0,0,0,0,0
"World/Buzz[7]/Pelvis[0]/Torso[4]/LeftShoulder[5]/UpperArm[0]","UpperArm",Cylinder,Buzz-shirt,-1,0,-0.14,0,0,0,0,0.12,0.28,0.12,0.68031,1.27277,-1.84943,0,1,134,128,1,1,0.15,12,1,0,0,1,1
"World/Buzz[7]/Pelvis[0]/Torso[4]/LeftShoulder[5]/ShoulderBall[1]","ShoulderBall",Sphere,Buzz-shirt,-1,0,0,0,0,0,0,0.13,0.13,0.13,0.665898,1.412,-1.84688,0,1,925,1656,1,1,0.15,12,1,0,0,1,1
"World/Buzz[7]/Pelvis[0]/Torso[4]/LeftShoulder[5]/Elbow[2]","Elbow",Sphere,Buzz-shirt,-1,0,-0.29,0,0,0,0,0.12,0.12,0.12,0.695751,1.12359,-1.85215,0,1,925,1656,1,1,0.15,12,1,0,0,1,1
"World/Buzz[7]/Pelvis[0]/Torso[4]/LeftShoulder[5]/Forearm[3]","Forearm",Cylinder,Buzz-shirt,-1,0,-0.41,0,0,0,0,0.105,0.23,0.105,0.708104,1.00425,-1.85433,0,1,134,128,1,1,0.15,12,1,0,0,1,1
"World/Buzz[7]/Pelvis[0]/Torso[4]/LeftShoulder[5]/Cuff[4]","Cuff",Cylinder,Buzz-shirt,-1,0,-0.5,0,0,0,0,0.125,0.06,0.125,0.717368,0.914739,-1.85596,0,1,134,128,1,1,0.15,12,1,0,0,1,1
"World/Buzz[7]/Pelvis[0]/Torso[4]/LeftShoulder[5]/Hand[5]","Hand",Sphere,Buzz-hands,-1,0,-0.57,0,0,0,0,0.13,0.14,0.09,0.724574,0.845123,-1.85723,0,1,925,1656,1,1,0.2,16,1,0,0,1,1
"World/Buzz[7]/Pelvis[0]/Torso[4]/LeftShoulder[5]/Fingers[6]","Fingers",Sphere,Buzz-hands,-1,-0.002,-0.63,0.022,0,0,0,0.12,0.09,0.06,0.732612,0.785242,-1.83631,0,1,925,1656,1,1,0.2,16,1,0,0,1,1
"World/Buzz[7]/Pelvis[0]/Torso[4]/LeftShoulder[5]/Thumb[7]","Thumb",Sphere,Buzz-hands,-1,0.068,-0.565,0.025,0,0,0,0.06,0.065,0.05,0.795001,0.857203,-1.84426,0,1,925,1656,1,1,0.2,16,1,0,0,1,1
"World/Buzz[7]/Pelvis[0]/Torso[4]/LeftShoulder[5]/ShoulderArmor[8]","ShoulderArmor",Sphere,Buzz-vest,-1,0,-0.04,0,0,0,0,0.18,0.16,0.18,0.670016,1.37222,-1.84761,0,1,925,1656,1,1,0.15,12,1,0,0,1,1
"World/Buzz[7]/Pelvis[0]/Torso[4]/LeftShoulder[5]/WristBand[9]","WristBand",Cylinder,Buzz-vest,-1,0,-0.47,0,0,0,0,0.14,0.08,0.14,0.71428,0.944575,-1.85542,0,1,134,128,1,1,0.15,12,1,0,0,1,1
"World/Buzz[7]/Pelvis[0]/Torso[4]/RightShoulder[6]","RightShoulder",Joint,,-1,-0.27,0.46,0,0,0,0,1,1,1,0.134102,1.412,-1.75311,0,1,0,0,0,0,0,0,0,0,0,0,0
"World/Buzz[7]/Pelvis[0]/Torso[4]/RightShoulder[6]/UpperArm[0]","UpperArm",Cylinder,Buzz-shirt,-1,0,-0.14,0,0,0,0,0.12,0.28,0.12,0.11969,1.27277,-1.75057,0,1,134,128,1,1,0.15,12,1,0,0,1,1
"World/Buzz[7]/Pelvis[0]/Torso[4]/RightShoulder[6]/ShoulderBall[1]","ShoulderBall",Sphere,Buzz-shirt,-1,0,0,0,0,0,0,0.13,0.13,0.13,0.134102,1.412,-1.75311,0,1,925,1656,1,1,0.15,12,1,0,0,1,1
"World/Buzz[7]/Pelvis[0]/Torso[4]/RightShoulder[6]/Elbow[2]","Elbow",Sphere,Buzz-shirt,-1,0,-0.29,0,0,0,0,0.12,0.12,0.12,0.104249,1.12359,-1.74785,0,1,925,1656,1,1,0.15,12,1,0,0,1,1
"World/Buzz[7]/Pelvis[0]/Torso[4]/RightShoulder[6]/Forearm[3]","Forearm",Cylinder,Buzz-shirt,-1,0,-0.41,0,0,0,0,0.105,0.23,0.105,0.0918963,1.00425,-1.74567,0,1,134,128,1,1,0.15,12,1,0,0,1,1
"World/Buzz[7]/Pelvis[0]/Torso[4]/RightShoulder[6]/Cuff[4]","Cuff",Cylinder,Buzz-shirt,-1,0,-0.5,0,0,0,0,0.125,0.06,0.125,0.0826317,0.914739,-1.74404,0,1,134,128,1,1,0.15,12,1,0,0,1,1
"World/Buzz[7]/Pelvis[0]/Torso[4]/RightShoulder[6]/Hand[5]","Hand",Sphere,Buzz-hands,-1,0,-0.57,0,0,0,0,0.13,0.14,0.09,0.0754258,0.845123,-1.74277,0,1,925,1656,1,1,0.2,16,1,0,0,1,1
"World/Buzz[7]/Pelvis[0]/Torso[4]/RightShoulder[6]/Fingers[6]","Fingers",Sphere,Buzz-hands,-1,-0.002,-0.63,0.022,0,0,0,0.12,0.09,0.06,0.0711109,0.78566,-1.71967,0,1,925,1656,1,1,0.2,16,1,0,0,1,1
"World/Buzz[7]/Pelvis[0]/Torso[4]/RightShoulder[6]/Thumb[7]","Thumb",Sphere,Buzz-hands,-1,0.068,-0.565,0.025,0,0,0,0.06,0.065,0.05,0.146882,0.842987,-1.72998,0,1,925,1656,1,1,0.2,16,1,0,0,1,1
"World/Buzz[7]/Pelvis[0]/Torso[4]/RightShoulder[6]/ShoulderArmor[8]","ShoulderArmor",Sphere,Buzz-vest,-1,0,-0.04,0,0,0,0,0.18,0.16,0.18,0.129984,1.37222,-1.75239,0,1,925,1656,1,1,0.15,12,1,0,0,1,1
"World/Buzz[7]/Pelvis[0]/Torso[4]/RightShoulder[6]/WristBand[9]","WristBand",Cylinder,Buzz-vest,-1,0,-0.47,0,0,0,0,0.14,0.08,0.14,0.0857199,0.944575,-1.74458,0,1,134,128,1,1,0.15,12,1,0,0,1,1
"World/Buzz[7]/Pelvis[0]/Torso[4]/RightShoulder[6]/LaserEmitter[10]","LaserEmitter",Cylinder,Buzz-red,-1,0,-0.42,0.05,0,0,0,0.07,0.12,0.07,0.0995493,0.994301,-1.69625,0,1,134,128,1,1,0.6,64,1,0,0,1,1
"World/Buzz[7]/Pelvis[0]/Torso[4]/RightShoulder[6]/LaserBeam[11]","LaserBeam",Cylinder,laser-beam,-1,0,-3.6,0,0,0,0,0.035,6,0.035,0,0,0,0,0,134,128,1,1,0,24,0.85,0,1,1,1
"World/Buzz[7]/Pelvis[0]/Torso[4]/RightShoulder[6]/LaserTip[12]","LaserTip",Joint,,-1,0,-0.7,0,0,0,0,1,1,1,0.0620436,0.715835,-1.74041,0,1,0,0,0,0,0,0,0,0,0,0,0
"World/Buzz[7]/Pelvis[0]/Torso[4]/Head[7]","Head",Joint,,-1,0,0.56,0,5.80477,-19.0825,0,1,1,1,0.4,1.512,-1.8,0,1,0,0,0,0,0,0,0,0,0,0,0
"World/Buzz[7]/Pelvis[0]/Torso[4]/Head[7]/Skull[0]","Skull",Sphere,Buzz-skin,-1,0,0.2,0,0,0,0,0.34,0.38,0.34,0.396807,1.71097,-1.78003,0,1,925,1656,1,1,0.2,16,1,0,0,1,1
"World/Buzz[7]/Pelvis[0]/Torso[4]/Head[7]/EyeRight[1]","EyeRight",Sphere,eye-white,-1,-0.07,0.24,0.145,0,0,0,0.08,0.09,0.05,0.304274,1.7361,-1.64463,0,1,925,1656,1,1,0.8,96,1,0,0,1,1
"World/Buzz[7]/Pelvis[0]/Torso[4]/Head[7]/PupilRight[2]","PupilRight",Sphere,eye-pupil,-1,-0.07,0.24,0.165,0,0,0,0.04,0.05,0.03,0.301133,1.73408,-1.62499,0,1,925,1656,1,1,0.9,128,1,0,0,1,1
"World/Buzz[7]/Pelvis[0]/Torso[4]/Head[7]/EyeLeft[3]","EyeLeft",Sphere,eye-white,-1,0.07,0.24,0.145,0,0,0,0.08,0.09,0.05,0.442519,1.7361,-1.62253,0,1,925,1656,1,1,0.8,96,1,0,0,1,1
"World/Buzz[7]/Pelvis[0]/Torso[4]/Head[7]/PupilLeft[4]","PupilLeft",Sphere,eye-pupil,-1,0.07,0.24,0.165,0,0,0,0.04,0.05,0.03,0.439378,1.73408,-1.60289,0,1,925,1656,1,1,0.9,128,1,0,0,1,1
"World/Buzz[7]/Pelvis[0]/Torso[4]/Head[7]/Nose[5]","Nose",Sphere,Buzz-skin,-1,0,0.18,0.17,0,0,0,0.055,0.055,0.055,0.370428,1.67388,-1.61502,0,1,925,1656,1,1,0.2,16,1,0,0,1,1
"World/Buzz[7]/Pelvis[0]/Torso[4]/Head[7]/Mouth[6]","Mouth",Cube,mouth,-1,0,0.1,0.15,0,0,0,0.1,0.02,0.03,0.374846,1.59632,-1.64265,0,1,24,12,1,1,0.2,16,1,0,0,1,1
"World/Buzz[7]/Pelvis[0]/Torso[4]/Head[7]/Ear[7]","Ear",Sphere,Buzz-skin,-1,-0.17,0.2,0,0,0,0,0.07,0.11,0.055,0.228938,1.71097,-1.80686,0,1,925,1656,1,1,0.2,16,1,0,0,1,1
"World/Buzz[7]/Pelvis[0]/Torso[4]/Head[7]/Iris[8]","Iris",Sphere,Buzz-iris,-1,-0.07,0.24,0.168,0,0,0,0.046,0.052,0.014,0.300662,1.73378,-1.62204,0,1,925,1656,1,1,0.65,72,1,0,0,1,1
"World/Buzz[7]/Pelvis[0]/Torso[4]/Head[7]/Eyebrow[9]","Eyebrow",Cube,Buzz-hair,-1,-0.072,0.303,0.146,0,0,-9,0.079,0.016,0.019,0.301136,1.79868,-1.63767,0,1,24,12,1,1,0.3,24,1,0,0,1,1
"World/Buzz[7]/Pelvis[0]/Torso[4]/Head[7]/Cheek[10]","Cheek",Sphere,Buzz-skin,-1,-0.095,0.14,0.12,0,0,0,0.09,0.075,0.06,0.28511,1.63915,-1.68313,0,1,925,1656,1,1,0.2,16,1,0,0,1,1
"World/Buzz[7]/Pelvis[0]/Torso[4]/Head[7]/Ear[11]","Ear",Sphere,Buzz-skin,-1,0.17,0.2,0,0,0,0,0.07,0.11,0.055,0.564675,1.71097,-1.75319,0,1,925,1656,1,1,0.2,16,1,0,0,1,1
"World/Buzz[7]/Pelvis[0]/Torso[4]/Head[7]/Iris[12]","Iris",Sphere,Buzz-iris,-1,0.07,0.24,0.168,0,0,0,0.046,0.052,0.014,0.438907,1.73378,-1.59994,0,1,925,1656,1,1,0.65,72,1,0,0,1,1
"World/Buzz[7]/Pelvis[0]/Torso[4]/Head[7]/Eyebrow[13]","Eyebrow",Cube,Buzz-hair,-1,0.072,0.303,0.146,0,0,9,0.079,0.016,0.019,0.443331,1.79868,-1.61494,0,1,24,12,1,1,0.3,24,1,0,0,1,1
"World/Buzz[7]/Pelvis[0]/Torso[4]/Head[7]/Cheek[14]","Cheek",Sphere,Buzz-skin,-1,0.095,0.14,0.12,0,0,0,0.09,0.075,0.06,0.472728,1.63915,-1.65313,0,1,925,1656,1,1,0.2,16,1,0,0,1,1
"World/Buzz[7]/Pelvis[0]/Torso[4]/Head[7]/ChinDetail[15]","ChinDetail",Sphere,Buzz-skin,-1,0,0.04,0.11,0,0,0,0.17,0.075,0.09,0.382086,1.54067,-1.68794,0,1,925,1656,1,1,0.2,16,1,0,0,1,1
"World/Buzz[7]/Pelvis[0]/Torso[4]/Head[7]/Hood[16]","Hood",Sphere,Buzz-hood,-1,0,0.23,-0.05,0,0,0,0.37,0.4,0.33,0.40418,1.74588,-1.82615,0,1,925,1656,1,1,0.3,24,1,0,0,1,1
"World/Buzz[7]/Pelvis[0]/Torso[4]/Head[7]/Chin[17]","Chin",Sphere,Buzz-hood,-1,0,0.03,0.02,0,0,0,0.28,0.1,0.26,0.39638,1.53982,-1.77736,0,1,925,1656,1,1,0.3,24,1,0,0,1,1
"World/Buzz[7]/Pelvis[0]/Torso[4]/Head[7]/Helmet[18]","Helmet",Sphere,Buzz-helmet,-1,0,0.21,0.02,0,0,0,0.6,0.6,0.6,0.393506,1.7189,-1.75938,0,1,925,1656,1,1,1,128,0.22,0.25,0,1,1
"World/Buzz[7]/Pelvis[0]/Torso[4]/ChestPlate[8]","ChestPlate",Cube,Buzz-shirt,-1,0,0.33,0.13,0,0,0,0.34,0.24,0.05,0.422574,1.282,-1.67197,0,1,24,12,1,1,0.15,12,1,0,0,1,1
"World/Buzz[7]/Pelvis[0]/Torso[4]/ChestStripe[9]","ChestStripe",Cube,Buzz-hood,-1,0,0.2,0.135,0,0,0,0.34,0.04,0.05,0.423443,1.152,-1.66705,0,1,24,12,1,1,0.3,24,1,0,0,1,1
"World/Buzz[7]/Pelvis[0]/Torso[4]/ButtonRed[10]","ButtonRed",Sphere,Buzz-red,-1,-0.08,0.33,0.16,0,0,0,0.05,0.05,0.05,0.348999,1.282,-1.62854,0,1,925,1656,1,1,0.6,64,1,0,0,1,1
"World/Buzz[7]/Pelvis[0]/Torso[4]/ButtonGreen[11]","ButtonGreen",Sphere,Buzz-vest,-1,0,0.33,0.16,0,0,0,0.05,0.05,0.05,0.427784,1.282,-1.64243,0,1,925,1656,1,1,0.15,12,1,0,0,1,1
"World/Buzz[7]/Pelvis[0]/Torso[4]/ButtonBlue[12]","ButtonBlue",Sphere,Buzz-blue,-1,0.08,0.33,0.16,0,0,0,0.05,0.05,0.05,0.506568,1.282,-1.65632,0,1,925,1656,1,1,0.6,64,1,0,0,1,1
"World/Buzz[7]/Pelvis[0]/Torso[4]/RangerBadge[13]","RangerBadge",Cube,Buzz-vest,-1,0.08,0.42,0.17,0,0,0,0.14,0.043,0.015,0.508305,1.372,-1.64647,0,1,24,12,1,1,0.15,12,1,0,0,1,1
"World/Buzz[7]/Pelvis[0]/Torso[4]/Wings[14]","Wings",Joint,,-1,0,0.33,-0.16,0,0,0,0.08,1,1,0.372216,1.282,-1.95757,0,1,0,0,0,0,0,0,0,0,0,0,0
"World/Buzz[7]/Pelvis[0]/Torso[4]/Wings[14]/Pack[0]","Pack",Cube,Buzz-shirt,-1,0,0,0,0,0,0,0.3,0.3,0.1,0.372216,1.282,-1.95757,0,1,24,12,1,1,0.15,12,1,0,0,1,1
"World/Buzz[7]/Pelvis[0]/Torso[4]/Wings[14]/Thruster[1]","Thruster",Cylinder,Buzz-joints,-1,-0.12,-0.18,-0.03,0,0,0,0.1,0.13,0.1,0.357553,1.102,-1.98545,0,1,134,128,1,1,0.4,40,1,0,0,1,1
"World/Buzz[7]/Pelvis[0]/Torso[4]/Wings[14]/ThrusterRim[2]","ThrusterRim",Cylinder,Buzz-hood,-1,-0.12,-0.24,-0.03,0,0,0,0.12,0.03,0.12,0.357553,1.042,-1.98545,0,1,134,128,1,1,0.3,24,1,0,0,1,1
"World/Buzz[7]/Pelvis[0]/Torso[4]/Wings[14]/Thruster[3]","Thruster",Cylinder,Buzz-joints,-1,0.12,-0.18,-0.03,0,0,0,0.1,0.13,0.1,0.376461,1.102,-1.98878,0,1,134,128,1,1,0.4,40,1,0,0,1,1
"World/Buzz[7]/Pelvis[0]/Torso[4]/Wings[14]/ThrusterRim[4]","ThrusterRim",Cylinder,Buzz-hood,-1,0.12,-0.24,-0.03,0,0,0,0.12,0.03,0.12,0.376461,1.042,-1.98878,0,1,134,128,1,1,0.3,24,1,0,0,1,1
"World/Buzz[7]/Pelvis[0]/Torso[4]/Wings[14]/WingRight[5]","WingRight",Cube,Buzz-shirt,-1,-0.45,0.02,-0.02,0,0,-8,0.75,0.06,0.22,0.33329,1.302,-1.97101,0,1,24,12,1,1,0.15,12,1,0,0,1,1
"World/Buzz[7]/Pelvis[0]/Torso[4]/Wings[14]/WingTipRight[6]","WingTipRight",Cube,Buzz-red,-1,-0.85,0.08,-0.02,0,0,-8,0.1,0.07,0.23,0.301776,1.362,-1.96546,0,1,24,12,1,1,0.6,64,1,0,0,1,1
"World/Buzz[7]/Pelvis[0]/Torso[4]/Wings[14]/WingLeft[7]","WingLeft",Cube,Buzz-shirt,-1,0.45,0.02,-0.02,0,0,8,0.75,0.06,0.22,0.404196,1.302,-1.98352,0,1,24,12,1,1,0.15,12,1,0,0,1,1
"World/Buzz[7]/Pelvis[0]/Torso[4]/Wings[14]/WingTipLeft[8]","WingTipLeft",Cube,Buzz-red,-1,0.85,0.08,-0.02,0,0,8,0.1,0.07,0.23,0.43571,1.362,-1.98907,0,1,24,12,1,1,0.6,64,1,0,0,1,1
"World/RCCar[8]","RCCar",Joint,,-1,15.4,0.012,4,0,-90,0,1,1,1,15.4,0.012,4,0,1,0,0,0,0,0,0,0,0,0,0,0
"World/RCCar[8]/Chassis[0]","Chassis",Joint,,-1,0,0,0,0,0,0,1,1,1,15.4,0.012,4,0,1,0,0,0,0,0,0,0,0,0,0,0
"World/RCCar[8]/Chassis[0]/Body[0]","Body",Cube,car-paint,-1,0,0.38,0,0,0,0,0.8,0.3,1.4,15.4,0.392,4,0,1,24,12,1,1,0.9,96,1,0.15,0,1,1
"World/RCCar[8]/Chassis[0]/Cabin[1]","Cabin",Cube,car-paint,-1,0,0.66,-0.15,0,0,0,0.7,0.28,0.7,15.55,0.672,4,0,1,24,12,1,1,0.9,96,1,0.15,0,1,1
"World/RCCar[8]/Chassis[0]/Windshield[2]","Windshield",Cube,car-glass,-1,0,0.66,0.205,0,0,0,0.62,0.22,0.02,15.195,0.672,4,0,1,24,12,1,1,1,128,1,0.3,0,1,1
"World/RCCar[8]/Chassis[0]/RearWindow[3]","RearWindow",Cube,car-glass,-1,0,0.66,-0.505,0,0,0,0.62,0.22,0.02,15.905,0.672,4,0,1,24,12,1,1,1,128,1,0.3,0,1,1
"World/RCCar[8]/Chassis[0]/SideWindowL[4]","SideWindowL",Cube,car-glass,-1,0.355,0.66,-0.15,0,0,0,0.02,0.2,0.58,15.55,0.672,4.355,0,1,24,12,1,1,1,128,1,0.3,0,1,1
"World/RCCar[8]/Chassis[0]/SideWindowR[5]","SideWindowR",Cube,car-glass,-1,-0.355,0.66,-0.15,0,0,0,0.02,0.2,0.58,15.55,0.672,3.645,0,1,24,12,1,1,1,128,1,0.3,0,1,1
"World/RCCar[8]/Chassis[0]/BumperF[6]","BumperF",Cube,car-trim,-1,0,0.28,0.72,0,0,0,0.84,0.1,0.06,14.68,0.292,4,0,1,24,12,1,1,0.4,32,1,0,0,1,1
"World/RCCar[8]/Chassis[0]/BumperB[7]","BumperB",Cube,car-trim,-1,0,0.28,-0.72,0,0,0,0.84,0.1,0.06,16.12,0.292,4,0,1,24,12,1,1,0.4,32,1,0,0,1,1
"World/RCCar[8]/Chassis[0]/SpoilerPostL[8]","SpoilerPostL",Cube,car-trim,-1,0.3,0.6,-0.62,0,0,0,0.05,0.18,0.05,16.02,0.612,4.3,0,1,24,12,1,1,0.4,32,1,0,0,1,1
"World/RCCar[8]/Chassis[0]/SpoilerPostR[9]","SpoilerPostR",Cube,car-trim,-1,-0.3,0.6,-0.62,0,0,0,0.05,0.18,0.05,16.02,0.612,3.7,0,1,24,12,1,1,0.4,32,1,0,0,1,1
"World/RCCar[8]/Chassis[0]/Spoiler[10]","Spoiler",Cube,car-trim,-1,0,0.7,-0.64,0,0,0,0.9,0.04,0.2,16.04,0.712,4,0,1,24,12,1,1,0.4,32,1,0,0,1,1
"World/RCCar[8]/Chassis[0]/Antenna[11]","Antenna",Cylinder,car-trim,-1,0.25,0.95,-0.4,0,0,0,0.02,0.5,0.02,15.8,0.962,4.25,0,1,134,128,1,1,0.4,32,1,0,0,1,1
"World/RCCar[8]/Chassis[0]/AntennaTip[12]","AntennaTip",Sphere,car-paint,-1,0.25,1.2,-0.4,0,0,0,0.055,0.055,0.055,15.8,1.212,4.25,0,1,925,1656,1,1,0.9,96,1,0.15,0,1,1
"World/RCCar[8]/Chassis[0]/Grille[13]","Grille",Cube,car-trim,-1,0,0.39,0.706,0,0,0,0.38,0.1,0.016,14.694,0.402,4,0,1,24,12,1,1,0.4,32,1,0,0,1,1
"World/RCCar[8]/Chassis[0]/HeadlightBulbL[14]","HeadlightBulbL",Sphere,car-headlight,-1,0.25,0.42,0.7,0,0,0,0.12,0.12,0.12,14.7,0.432,4.25,0,1,925,1656,1,1,0.5,32,1,0,0,1,1
"World/RCCar[8]/Chassis[0]/HeadlightL[15]","HeadlightL",Joint,,-1,0.25,0.42,0.78,0,0,0,1,1,1,14.62,0.432,4.25,0,1,0,0,0,0,0,0,0,0,0,0,0
"World/RCCar[8]/Chassis[0]/HeadlightBulbR[16]","HeadlightBulbR",Sphere,car-headlight,-1,-0.25,0.42,0.7,0,0,0,0.12,0.12,0.12,14.7,0.432,3.75,0,1,925,1656,1,1,0.5,32,1,0,0,1,1
"World/RCCar[8]/Chassis[0]/HeadlightR[17]","HeadlightR",Joint,,-1,-0.25,0.42,0.78,0,0,0,1,1,1,14.62,0.432,3.75,0,1,0,0,0,0,0,0,0,0,0,0,0
"World/RCCar[8]/WheelFL[1]","WheelFL",Joint,,-1,0.45,0.22,0.45,0,0,0,1,1,1,14.95,0.232,4.45,0,1,0,0,0,0,0,0,0,0,0,0,0
"World/RCCar[8]/WheelFL[1]/Spin[0]","Spin",Joint,,-1,0,0,0,0,0,0,1,1,1,14.95,0.232,4.45,0,1,0,0,0,0,0,0,0,0,0,0,0
"World/RCCar[8]/WheelFL[1]/Spin[0]/Tyre[0]","Tyre",Cylinder,tyre,9,0,0,0,0,0,90,0.44,0.2,0.44,14.95,0.232,4.45,0,1,134,128,1,1,0.1,8,1,0,0,6,1
"World/RCCar[8]/WheelFL[1]/Spin[0]/Hub[1]","Hub",Cylinder,hub,-1,0,0,0,0,0,90,0.2,0.22,0.2,14.95,0.232,4.45,0,1,134,128,1,1,0.9,96,1,0,0,1,1
"World/RCCar[8]/WheelFL[1]/Spin[0]/Spoke[2]","Spoke",Cube,hub,-1,0,0,0,0,0,0,0.23,0.05,0.36,14.95,0.232,4.45,0,1,24,12,1,1,0.9,96,1,0,0,1,1
"World/RCCar[8]/WheelFL[1]/Spin[0]/RadialSpoke[3]","RadialSpoke",Cube,hub,-1,0,0,0,90,0,0,0.23,0.05,0.36,14.95,0.232,4.45,0,1,24,12,1,1,0.9,96,1,0,0,1,1
"World/RCCar[8]/WheelFR[2]","WheelFR",Joint,,-1,-0.45,0.22,0.45,0,0,0,1,1,1,14.95,0.232,3.55,0,1,0,0,0,0,0,0,0,0,0,0,0
"World/RCCar[8]/WheelFR[2]/Spin[0]","Spin",Joint,,-1,0,0,0,0,0,0,1,1,1,14.95,0.232,3.55,0,1,0,0,0,0,0,0,0,0,0,0,0
"World/RCCar[8]/WheelFR[2]/Spin[0]/Tyre[0]","Tyre",Cylinder,tyre,9,0,0,0,0,0,90,0.44,0.2,0.44,14.95,0.232,3.55,0,1,134,128,1,1,0.1,8,1,0,0,6,1
"World/RCCar[8]/WheelFR[2]/Spin[0]/Hub[1]","Hub",Cylinder,hub,-1,0,0,0,0,0,90,0.2,0.22,0.2,14.95,0.232,3.55,0,1,134,128,1,1,0.9,96,1,0,0,1,1
"World/RCCar[8]/WheelFR[2]/Spin[0]/Spoke[2]","Spoke",Cube,hub,-1,0,0,0,0,0,0,0.23,0.05,0.36,14.95,0.232,3.55,0,1,24,12,1,1,0.9,96,1,0,0,1,1
"World/RCCar[8]/WheelFR[2]/Spin[0]/RadialSpoke[3]","RadialSpoke",Cube,hub,-1,0,0,0,90,0,0,0.23,0.05,0.36,14.95,0.232,3.55,0,1,24,12,1,1,0.9,96,1,0,0,1,1
"World/RCCar[8]/WheelBL[3]","WheelBL",Joint,,-1,0.45,0.22,-0.45,0,0,0,1,1,1,15.85,0.232,4.45,0,1,0,0,0,0,0,0,0,0,0,0,0
"World/RCCar[8]/WheelBL[3]/Spin[0]","Spin",Joint,,-1,0,0,0,0,0,0,1,1,1,15.85,0.232,4.45,0,1,0,0,0,0,0,0,0,0,0,0,0
"World/RCCar[8]/WheelBL[3]/Spin[0]/Tyre[0]","Tyre",Cylinder,tyre,9,0,0,0,0,0,90,0.44,0.2,0.44,15.85,0.232,4.45,0,1,134,128,1,1,0.1,8,1,0,0,6,1
"World/RCCar[8]/WheelBL[3]/Spin[0]/Hub[1]","Hub",Cylinder,hub,-1,0,0,0,0,0,90,0.2,0.22,0.2,15.85,0.232,4.45,0,1,134,128,1,1,0.9,96,1,0,0,1,1
"World/RCCar[8]/WheelBL[3]/Spin[0]/Spoke[2]","Spoke",Cube,hub,-1,0,0,0,0,0,0,0.23,0.05,0.36,15.85,0.232,4.45,0,1,24,12,1,1,0.9,96,1,0,0,1,1
"World/RCCar[8]/WheelBL[3]/Spin[0]/RadialSpoke[3]","RadialSpoke",Cube,hub,-1,0,0,0,90,0,0,0.23,0.05,0.36,15.85,0.232,4.45,0,1,24,12,1,1,0.9,96,1,0,0,1,1
"World/RCCar[8]/WheelBR[4]","WheelBR",Joint,,-1,-0.45,0.22,-0.45,0,0,0,1,1,1,15.85,0.232,3.55,0,1,0,0,0,0,0,0,0,0,0,0,0
"World/RCCar[8]/WheelBR[4]/Spin[0]","Spin",Joint,,-1,0,0,0,0,0,0,1,1,1,15.85,0.232,3.55,0,1,0,0,0,0,0,0,0,0,0,0,0
"World/RCCar[8]/WheelBR[4]/Spin[0]/Tyre[0]","Tyre",Cylinder,tyre,9,0,0,0,0,0,90,0.44,0.2,0.44,15.85,0.232,3.55,0,1,134,128,1,1,0.1,8,1,0,0,6,1
"World/RCCar[8]/WheelBR[4]/Spin[0]/Hub[1]","Hub",Cylinder,hub,-1,0,0,0,0,0,90,0.2,0.22,0.2,15.85,0.232,3.55,0,1,134,128,1,1,0.9,96,1,0,0,1,1
"World/RCCar[8]/WheelBR[4]/Spin[0]/Spoke[2]","Spoke",Cube,hub,-1,0,0,0,0,0,0,0.23,0.05,0.36,15.85,0.232,3.55,0,1,24,12,1,1,0.9,96,1,0,0,1,1
"World/RCCar[8]/WheelBR[4]/Spin[0]/RadialSpoke[3]","RadialSpoke",Cube,hub,-1,0,0,0,90,0,0,0.23,0.05,0.36,15.85,0.232,3.55,0,1,24,12,1,1,0.9,96,1,0,0,1,1
"World/HouseInterior[9]","HouseInterior",Joint,,-1,0,0,0,0,0,0,1,1,1,0,0,0,0,0,0,0,0,0,0,0,0,0,0,0,0
"World/HouseInterior[9]/CorridorFloor[0]","CorridorFloor",Plane,ground-floor-wood,0,12,-4.48,0,0,0,0,3,1,18.1,12,-4.48,0,0,1,4,2,1,1,0.3,32,1,0,0,1.5,6
"World/HouseInterior[9]/LandingFloor[1]","LandingFloor",Plane,ground-floor-wood,0,15,-4.48,-8.025,0,0,0,3,1,2.05,15,-4.48,-8.025,0,1,4,2,1,1,0.3,32,1,0,0,1.5,6
"World/HouseInterior[9]/CorridorCeiling[2]","CorridorCeiling",Plane,ceiling,-1,12,-0.3,0,180,0,0,3,1,18.1,12,-0.3,0,0,1,4,2,1,1,0,24,1,0,0,1,1
"World/HouseInterior[9]/CorridorRunner[3]","CorridorRunner",Plane,corridor-runner,2,12,-4.47,1,0,0,0,1.6,1,14,12,-4.47,1,0,1,4,2,1,1,0,24,1,0,0,1,4
"World/HouseInterior[9]/CorridorLeftWall[4]","CorridorLeftWall",Plane,ground-floor-wall,-1,10.5,-2.4,0,90,90,0,18.1,1,4.2,10.5,-2.4,0,0,1,4,2,1,1,0.05,8,1,0,0,1,1
"World/HouseInterior[9]/CorridorRightWall[5]","CorridorRightWall",Plane,ground-floor-wall,-1,13.5,-2.4,1.025,90,-90,0,16.05,1,4.2,13.5,-2.4,1.025,0,1,4,2,1,1,0.05,8,1,0,0,1,1
"World/HouseInterior[9]/StairwellEnd[6]","StairwellEnd",Plane,ground-floor-wall,-1,13.5,0.15,-9.05,90,0,0,6,1,9.3,13.5,0.15,-9.05,0,1,4,2,1,1,0.05,8,1,0,0,1,1
"World/HouseInterior[9]/StairwellLeft[7]","StairwellLeft",Plane,ground-floor-wall,-1,13.5,0.15,-3,90,90,0,8,1,9.3,13.5,0.15,-3,0,1,4,2,1,1,0.05,8,1,0,0,1,1
"World/HouseInterior[9]/StairwellLeftUpper[8]","StairwellLeftUpper",Plane,ground-floor-wall,-1,13.5,2.25,-8.025,90,90,0,2.05,1,5.1,13.5,2.25,-8.025,0,1,4,2,1,1,0.05,8,1,0,0,1,1
"World/HouseInterior[9]/StairwellRight[9]","StairwellRight",Plane,ground-floor-wall,-1,16.5,0.15,-4.025,90,-90,0,10.05,1,9.3,16.5,0.15,-4.025,0,1,4,2,1,1,0.05,8,1,0,0,1,1
"World/HouseInterior[9]/StairwellCeiling[10]","StairwellCeiling",Plane,ceiling,-1,15,4.8,-4.025,180,0,0,3,1,10.05,15,4.8,-4.025,0,1,4,2,1,1,0,24,1,0,0,1,1
"World/HouseInterior[9]/Step[11]","Step",Cube,stair-wood,0,15,-4.375,-6.77778,0,0,0,2.96,0.25,0.444445,15,-4.375,-6.77778,0,1,24,12,1,1,0.3,32,1,0,0,0.6,0.2
"World/HouseInterior[9]/Step[12]","Step",Cube,stair-wood,0,15,-4.25,-6.33333,0,0,0,2.96,0.5,0.444445,15,-4.25,-6.33333,0,1,24,12,1,1,0.3,32,1,0,0,0.6,0.2
"World/HouseInterior[9]/Step[13]","Step",Cube,stair-wood,0,15,-4.125,-5.88889,0,0,0,2.96,0.75,0.444445,15,-4.125,-5.88889,0,1,24,12,1,1,0.3,32,1,0,0,0.6,0.2
"World/HouseInterior[9]/Step[14]","Step",Cube,stair-wood,0,15,-4,-5.44444,0,0,0,2.96,1,0.444445,15,-4,-5.44444,0,1,24,12,1,1,0.3,32,1,0,0,0.6,0.2
"World/HouseInterior[9]/Step[15]","Step",Cube,stair-wood,0,15,-3.875,-5,0,0,0,2.96,1.25,0.444445,15,-3.875,-5,0,1,24,12,1,1,0.3,32,1,0,0,0.6,0.2
"World/HouseInterior[9]/Step[16]","Step",Cube,stair-wood,0,15,-3.75,-4.55556,0,0,0,2.96,1.5,0.444445,15,-3.75,-4.55556,0,1,24,12,1,1,0.3,32,1,0,0,0.6,0.2
"World/HouseInterior[9]/Step[17]","Step",Cube,stair-wood,0,15,-3.625,-4.11111,0,0,0,2.96,1.75,0.444444,15,-3.625,-4.11111,0,1,24,12,1,1,0.3,32,1,0,0,0.6,0.2
"World/HouseInterior[9]/Step[18]","Step",Cube,stair-wood,0,15,-3.5,-3.66667,0,0,0,2.96,2,0.444444,15,-3.5,-3.66667,0,1,24,12,1,1,0.3,32,1,0,0,0.6,0.2
"World/HouseInterior[9]/Step[19]","Step",Cube,stair-wood,0,15,-3.375,-3.22222,0,0,0,2.96,2.25,0.444444,15,-3.375,-3.22222,0,1,24,12,1,1,0.3,32,1,0,0,0.6,0.2
"World/HouseInterior[9]/Step[20]","Step",Cube,stair-wood,0,15,-3.25,-2.77778,0,0,0,2.96,2.5,0.444444,15,-3.25,-2.77778,0,1,24,12,1,1,0.3,32,1,0,0,0.6,0.2
"World/HouseInterior[9]/Step[21]","Step",Cube,stair-wood,0,15,-3.125,-2.33333,0,0,0,2.96,2.75,0.444444,15,-3.125,-2.33333,0,1,24,12,1,1,0.3,32,1,0,0,0.6,0.2
"World/HouseInterior[9]/Step[22]","Step",Cube,stair-wood,0,15,-3,-1.88889,0,0,0,2.96,3,0.444444,15,-3,-1.88889,0,1,24,12,1,1,0.3,32,1,0,0,0.6,0.2
"World/HouseInterior[9]/Step[23]","Step",Cube,stair-wood,0,15,-2.875,-1.44444,0,0,0,2.96,3.25,0.444444,15,-2.875,-1.44444,0,1,24,12,1,1,0.3,32,1,0,0,0.6,0.2
"World/HouseInterior[9]/Step[24]","Step",Cube,stair-wood,0,15,-2.75,-1,0,0,0,2.96,3.5,0.444444,15,-2.75,-1,0,1,24,12,1,1,0.3,32,1,0,0,0.6,0.2
"World/HouseInterior[9]/Step[25]","Step",Cube,stair-wood,0,15,-2.625,-0.555555,0,0,0,2.96,3.75,0.444444,15,-2.625,-0.555555,0,1,24,12,1,1,0.3,32,1,0,0,0.6,0.2
"World/HouseInterior[9]/Step[26]","Step",Cube,stair-wood,0,15,-2.5,-0.111111,0,0,0,2.96,4,0.444444,15,-2.5,-0.111111,0,1,24,12,1,1,0.3,32,1,0,0,0.6,0.2
"World/HouseInterior[9]/Step[27]","Step",Cube,stair-wood,0,15,-2.375,0.333333,0,0,0,2.96,4.25,0.444444,15,-2.375,0.333333,0,1,24,12,1,1,0.3,32,1,0,0,0.6,0.2
"World/HouseInterior[9]/Step[28]","Step",Cube,stair-wood,0,15,-2.25,0.777778,0,0,0,2.96,4.5,0.444444,15,-2.25,0.777778,0,1,24,12,1,1,0.3,32,1,0,0,0.6,0.2
"World/HouseInterior[9]/Handrail[29]","Handrail",Cylinder,brass,-1,16.3,-1.25,-3,60.6422,0,0,0.08,9.17878,0.08,16.3,-1.25,-3,0,1,134,128,1,1,0.8,64,1,0,0,1,1
"World/HouseInterior[9]/CorridorLamp[30]","CorridorLamp",Sphere,hall-ceiling-lamp,-1,12,-0.42,2,0,0,0,0.5,0.2,0.5,12,-0.42,2,0,1,925,1656,1,1,0,24,1,0,1,1,1
"World/RoomDoorLeft[10]","RoomDoorLeft",Joint,,-1,10.05,0,1,0,90,0,1,1,1,10.05,0,1,0,1,0,0,0,0,0,0,0,0,0,0,0
"World/RoomDoorLeft[10]/DoorLeaf[0]","DoorLeaf",Cube,door-wood,0,0,2.35,1.5,0,0,0,0.08,4.7,2.96,11.55,2.35,1,0,1,24,12,1,1,0.25,24,1,0,0,0.5,1
"World/RoomDoorLeft[10]/DoorPanel[1]","DoorPanel",Cube,door-panel,-1,0,1.25,1.5,0,0,0,0.12,1.5,2.3,11.55,1.25,1,0,1,24,12,1,1,0.2,24,1,0,0,1,1
"World/RoomDoorLeft[10]/DoorPanel[2]","DoorPanel",Cube,door-panel,-1,0,3.25,1.5,0,0,0,0.12,1.5,2.3,11.55,3.25,1,0,1,24,12,1,1,0.2,24,1,0,0,1,1
"World/RoomDoorLeft[10]/DoorKnob[3]","DoorKnob",Sphere,brass,-1,0,2.2,2.7,0,0,0,0.2,0.14,0.14,12.75,2.2,1,0,1,925,1656,1,1,0.8,64,1,0,0,1,1
"World/RoomDoorRight[11]","RoomDoorRight",Joint,,-1,10.05,0,7,0,-90,0,1,1,1,10.05,0,7,0,1,0,0,0,0,0,0,0,0,0,0,0
"World/RoomDoorRight[11]/DoorLeaf[0]","DoorLeaf",Cube,door-wood,0,0,2.35,-1.5,0,0,0,0.08,4.7,2.96,11.55,2.35,7,0,1,24,12,1,1,0.25,24,1,0,0,0.5,1
"World/RoomDoorRight[11]/DoorPanel[1]","DoorPanel",Cube,door-panel,-1,0,1.25,-1.5,0,0,0,0.12,1.5,2.3,11.55,1.25,7,0,1,24,12,1,1,0.2,24,1,0,0,1,1
"World/RoomDoorRight[11]/DoorPanel[2]","DoorPanel",Cube,door-panel,-1,0,3.25,-1.5,0,0,0,0.12,1.5,2.3,11.55,3.25,7,0,1,24,12,1,1,0.2,24,1,0,0,1,1
"World/RoomDoorRight[11]/DoorKnob[3]","DoorKnob",Sphere,brass,-1,0,2.2,-2.7,0,0,0,0.2,0.14,0.14,12.75,2.2,7,0,1,925,1656,1,1,0.8,64,1,0,0,1,1
"World/StairDoor[12]","StairDoor",Joint,,-1,13.5,0,1,0,0,0,1,1,1,13.5,0,1,0,1,0,0,0,0,0,0,0,0,0,0,0
"World/StairDoor[12]/DoorLeaf[0]","DoorLeaf",Cube,door-wood,0,1.5,2.35,0,0,0,0,2.96,4.7,0.1,15,2.35,1,0,1,24,12,1,1,0.25,24,1,0,0,0.5,1
"World/StairDoor[12]/DoorPanel[1]","DoorPanel",Cube,door-panel,-1,1.5,1.25,0,0,0,0,2.3,1.5,0.14,15,1.25,1,0,1,24,12,1,1,0.2,24,1,0,0,1,1
"World/StairDoor[12]/DoorPanel[2]","DoorPanel",Cube,door-panel,-1,1.5,3.25,0,0,0,0,2.3,1.5,0.14,15,3.25,1,0,1,24,12,1,1,0.2,24,1,0,0,1,1
"World/StairDoor[12]/DoorKnob[3]","DoorKnob",Sphere,brass,-1,2.7,2.2,0,0,0,0,0.14,0.14,0.24,16.2,2.2,1,0,1,925,1656,1,1,0.8,64,1,0,0,1,1
"World/HouseExterior[13]","HouseExterior",Joint,,-1,0,0,0,0,0,0,1,1,1,0,0,0,0,0,0,0,0,0,0,0,0,0,0,0,0
"World/HouseExterior[13]/front-left[0]","front-left",Cube,siding-front-left,15,0.375,1.5,9.2,0,0,0,21.65,12,0.3,0.375,1.5,9.2,0,1,24,12,1,1,0.08,12,1,0,0,9.02083,5
"World/HouseExterior[13]/front-right[1]","front-right",Cube,siding-front-right,15,15.125,1.5,9.2,0,0,0,4.65,12,0.3,15.125,1.5,9.2,0,1,24,12,1,1,0.08,12,1,0,0,1.9375,5
"World/HouseExterior[13]/front-over-door[2]","front-over-door",Cube,siding-front-over-door,15,12,3,9.2,0,0,0,1.6,9,0.3,12,3,9.2,0,1,24,12,1,1,0.08,12,1,0,0,0.666667,3.75
"World/HouseExterior[13]/back-left[3]","back-left",Cube,siding-back-left,15,-4.975,1.5,-9.2,0,0,0,10.95,12,0.3,-4.975,1.5,-9.2,0,1,24,12,1,1,0.08,12,1,0,0,4.5625,5
"World/HouseExterior[13]/back-right[4]","back-right",Cube,siding-back-right,15,10.975,1.5,-9.2,0,0,0,12.95,12,0.3,10.975,1.5,-9.2,0,1,24,12,1,1,0.08,12,1,0,0,5.39583,5
"World/HouseExterior[13]/back-under-window[5]","back-under-window",Cube,siding-back-under-window,15,2.5,-1,-9.2,0,0,0,4,7,0.3,2.5,-1,-9.2,0,1,24,12,1,1,0.08,12,1,0,0,1.66667,2.91667
"World/HouseExterior[13]/back-over-window[6]","back-over-window",Cube,siding-back-over-window,15,2.5,6.5,-9.2,0,0,0,4,2,0.3,2.5,6.5,-9.2,0,1,24,12,1,1,0.08,12,1,0,0,1.66667,0.833333
"World/HouseExterior[13]/left[7]","left",Cube,siding-left,15,-10.25,1.5,0,0,0,0,0.4,12,18.1,-10.25,1.5,0,0,1,24,12,1,1,0.08,12,1,0,0,7.54167,5
"World/HouseExterior[13]/right[8]","right",Cube,siding-right,15,17.275,1.5,0,0,0,0,0.35,12,18.1,17.275,1.5,0,0,1,24,12,1,1,0.08,12,1,0,0,7.54167,5
"World/HouseExterior[13]/CornerBoard[9]","CornerBoard",Cube,house-trim,-1,-10.5,1.5,-9.4,0,0,0,0.3,12,0.3,-10.5,1.5,-9.4,0,1,24,12,1,1,0.25,32,1,0,0,1,1
"World/HouseExterior[13]/CornerBoard[10]","CornerBoard",Cube,house-trim,-1,-10.5,1.5,9.4,0,0,0,0.3,12,0.3,-10.5,1.5,9.4,0,1,24,12,1,1,0.25,32,1,0,0,1,1
"World/HouseExterior[13]/CornerBoard[11]","CornerBoard",Cube,house-trim,-1,17.5,1.5,-9.4,0,0,0,0.3,12,0.3,17.5,1.5,-9.4,0,1,24,12,1,1,0.25,32,1,0,0,1,1
"World/HouseExterior[13]/CornerBoard[12]","CornerBoard",Cube,house-trim,-1,17.5,1.5,9.4,0,0,0,0.3,12,0.3,17.5,1.5,9.4,0,1,24,12,1,1,0.25,32,1,0,0,1,1
"World/HouseExterior[13]/FloorBand[13]","FloorBand",Cube,house-trim,-1,3.5,-0.4,9.39,0,0,0,27.9,0.3,0.0799999,3.5,-0.4,9.39,0,1,24,12,1,1,0.25,32,1,0,0,1,1
"World/HouseExterior[13]/Foundation[14]","Foundation",Cube,house-brick,17,3.5,-4.35,0,0,0,0,28.1,0.4,18.9,3.5,-4.35,0,0,1,24,12,1,1,0.05,8,1,0,0,1,1.5
"World/HouseExterior[13]/RoofSlab[15]","RoofSlab",Cube,roof-shingles,16,3.5,9.92,5.075,28.0139,0,0,29.5,0.25,11.4971,3.5,9.92,5.075,0,1,24,12,1,1,0.12,12,1,0,0,12,5
"World/HouseExterior[13]/RoofSlab[16]","RoofSlab",Cube,roof-shingles,16,3.5,9.92,-5.075,-28.0139,0,0,29.5,0.25,11.4971,3.5,9.92,-5.075,0,1,24,12,1,1,0.12,12,1,0,0,12,5
"World/HouseExterior[13]/Ridge[17]","Ridge",Cube,roof-shingles,16,3.5,12.7,0,0,0,0,29.5,0.25,0.5,3.5,12.7,0,0,1,24,12,1,1,0.12,12,1,0,0,12,5
"World/HouseExterior[13]/GableLeft[18]","GableLeft",Joint,,-1,-10.25,7.5,0,0,0,0,1,5,9.35,-10.25,7.5,0,0,1,0,0,0,0,0,0,0,0,0,0,0
"World/HouseExterior[13]/GableLeft[18]/GableLeft[0]","GableLeft",Cube,siding-gable,15,0,0,0,45,0,0,0.36,1.41421,1.41421,-10.25,7.5,0,0,1,24,12,1,1,0.08,12,1,0,0,8,2
"World/HouseExterior[13]/GableRight[19]","GableRight",Joint,,-1,17.27,7.5,0,0,0,0,1,5,9.35,17.27,7.5,0,0,1,0,0,0,0,0,0,0,0,0,0,0
"World/HouseExterior[13]/GableRight[19]/GableRight[0]","GableRight",Cube,siding-gable,15,0,0,0,45,0,0,0.3,1.41421,1.41421,17.27,7.5,0,0,1,24,12,1,1,0.08,12,1,0,0,8,2
"World/HouseExterior[13]/Fascia[20]","Fascia",Cube,house-trim,-1,3.5,6.95,10.15,0,0,0,29.5,0.3,0.12,3.5,6.95,10.15,0,1,24,12,1,1,0.25,32,1,0,0,1,1
"World/HouseExterior[13]/Fascia[21]","Fascia",Cube,house-trim,-1,3.5,6.95,-10.15,0,0,0,29.5,0.3,0.12,3.5,6.95,-10.15,0,1,24,12,1,1,0.25,32,1,0,0,1,1
"World/HouseExterior[13]/Chimney[22]","Chimney",Cube,house-brick,17,-5.9,11.1,-3.9,0,0,0,1.4,7.2,1.4,-5.9,11.1,-3.9,0,1,24,12,1,1,0.05,8,1,0,0,1,1.5
"World/HouseExterior[13]/ChimneyCap[23]","ChimneyCap",Cube,chimney-cap,-1,-5.9,14.85,-3.9,0,0,0,1.8,0.3,1.8,-5.9,14.85,-3.9,0,1,24,12,1,1,0.1,24,1,0,0,1,1
"World/HouseExterior[13]/WindowFrame[24]","WindowFrame",Cube,house-trim,-1,-1,4,9.41,0,0,0,2.3,2.5,0.1,-1,4,9.41,0,1,24,12,1,1,0.25,32,1,0,0,1,1
"World/HouseExterior[13]/WindowPane[25]","WindowPane",Cube,house-window-pane,-1,-1,4,9.47,0,0,0,2,2.2,0.04,-1,4,9.47,0,1,24,12,1,1,0.9,96,1,0.2,0,1,1
"World/HouseExterior[13]/WindowFrame[26]","WindowFrame",Cube,house-trim,-1,-6.5,4,9.41,0,0,0,2.3,2.5,0.1,-6.5,4,9.41,0,1,24,12,1,1,0.25,32,1,0,0,1,1
"World/HouseExterior[13]/WindowPane[27]","WindowPane",Cube,house-window-pane,-1,-6.5,4,9.47,0,0,0,2,2.2,0.04,-6.5,4,9.47,0,1,24,12,1,1,0.9,96,1,0.2,0,1,1
"World/HouseExterior[13]/WindowFrame[28]","WindowFrame",Cube,house-trim,-1,4.5,4,9.41,0,0,0,2.3,2.5,0.1,4.5,4,9.41,0,1,24,12,1,1,0.25,32,1,0,0,1,1
"World/HouseExterior[13]/WindowPane[29]","WindowPane",Cube,house-window-pane,-1,4.5,4,9.47,0,0,0,2,2.2,0.04,4.5,4,9.47,0,1,24,12,1,1,0.9,96,1,0.2,0,1,1
"World/HouseExterior[13]/WindowFrame[30]","WindowFrame",Cube,house-trim,-1,-7,-2.3,9.41,0,0,0,2.3,2.2,0.1,-7,-2.3,9.41,0,1,24,12,1,1,0.25,32,1,0,0,1,1
"World/HouseExterior[13]/WindowPane[31]","WindowPane",Cube,house-window-pane,-1,-7,-2.3,9.47,0,0,0,2,1.9,0.04,-7,-2.3,9.47,0,1,24,12,1,1,0.9,96,1,0.2,0,1,1
"World/HouseExterior[13]/WindowFrame[32]","WindowFrame",Cube,house-trim,-1,-2.5,-2.3,9.41,0,0,0,2.3,2.2,0.1,-2.5,-2.3,9.41,0,1,24,12,1,1,0.25,32,1,0,0,1,1
"World/HouseExterior[13]/WindowPane[33]","WindowPane",Cube,house-window-pane,-1,-2.5,-2.3,9.47,0,0,0,2,1.9,0.04,-2.5,-2.3,9.47,0,1,24,12,1,1,0.9,96,1,0.2,0,1,1
"World/HouseExterior[13]/WindowFrame[34]","WindowFrame",Cube,house-trim,-1,3.2,-2.3,9.41,0,0,0,3.7,2.2,0.1,3.2,-2.3,9.41,0,1,24,12,1,1,0.25,32,1,0,0,1,1
"World/HouseExterior[13]/WindowPane[35]","WindowPane",Cube,house-window-pane,-1,3.2,-2.3,9.47,0,0,0,3.4,1.9,0.04,3.2,-2.3,9.47,0,1,24,12,1,1,0.9,96,1,0.2,0,1,1
"World/HouseExterior[13]/FlowerBox[36]","FlowerBox",Cube,flower-box,-1,3.2,-3.55,9.675,0,0,0,3.6,0.4,0.45,3.2,-3.55,9.675,0,1,24,12,1,1,0.2,24,1,0,0,1,1
"World/HouseExterior[13]/FlowerBed[37]","FlowerBed",Cube,flower-bed,-1,3.2,-3.215,9.675,0,0,0,3.4,0.27,0.35,3.2,-3.215,9.675,0,1,24,12,1,1,0.05,8,1,0,0,3,1
"World/HouseExterior[13]/DoorCasing[38]","DoorCasing",Cube,house-trim,-1,11.08,-3,9.39,0,0,0,0.2,3,0.12,11.08,-3,9.39,0,1,24,12,1,1,0.25,32,1,0,0,1,1
"World/HouseExterior[13]/DoorCasing[39]","DoorCasing",Cube,house-trim,-1,12.92,-3,9.39,0,0,0,0.2,3,0.12,12.92,-3,9.39,0,1,24,12,1,1,0.25,32,1,0,0,1,1
"World/HouseExterior[13]/DoorCasing[40]","DoorCasing",Cube,house-trim,-1,12,-1.4,9.39,0,0,0,2.04,0.2,0.12,12,-1.4,9.39,0,1,24,12,1,1,0.25,32,1,0,0,1,1
"World/HouseExterior[13]/PorchDeck[41]","PorchDeck",Cube,porch-deck,0,12,-4.275,10.925,0,0,0,8,0.45,3.15,12,-4.275,10.925,0,1,24,12,1,1,0.2,16,1,0,0,2,1
"World/HouseExterior[13]/PorchStep[42]","PorchStep",Cube,porch-deck,0,12,-4.275,12.7,0,0,0,2.4,0.45,0.4,12,-4.275,12.7,0,1,24,12,1,1,0.2,16,1,0,0,2,1
"World/HouseExterior[13]/PorchStep[43]","PorchStep",Cube,porch-deck,0,12,-4.35,13.1,0,0,0,2.4,0.3,0.4,12,-4.35,13.1,0,1,24,12,1,1,0.2,16,1,0,0,2,1
"World/HouseExterior[13]/PorchStep[44]","PorchStep",Cube,porch-deck,0,12,-4.425,13.5,0,0,0,2.4,0.15,0.4,12,-4.425,13.5,0,1,24,12,1,1,0.2,16,1,0,0,2,1
"World/HouseExterior[13]/ColumnBase[45]","ColumnBase",Cube,house-brick,17,8.35,-3.4,12.1,0,0,0,0.700001,1.3,0.7,8.35,-3.4,12.1,0,1,24,12,1,1,0.05,8,1,0,0,1,1.5
"World/HouseExterior[13]/Column[46]","Column",Cube,house-trim,-1,8.35,-2.175,12.1,0,0,0,0.34,1.15,0.34,8.35,-2.175,12.1,0,1,24,12,1,1,0.25,32,1,0,0,1,1
"World/HouseExterior[13]/ColumnBase[47]","ColumnBase",Cube,house-brick,17,15.65,-3.4,12.1,0,0,0,0.700001,1.3,0.7,15.65,-3.4,12.1,0,1,24,12,1,1,0.05,8,1,0,0,1,1.5
"World/HouseExterior[13]/Column[48]","Column",Cube,house-trim,-1,15.65,-2.175,12.1,0,0,0,0.34,1.15,0.34,15.65,-2.175,12.1,0,1,24,12,1,1,0.25,32,1,0,0,1,1
"World/HouseExterior[13]/railing-left[49]","railing-left",Cube,cutout-railing-left,14,9.7,-3.575,12.1,0,0,0,2,0.95,0.0600004,9.7,-3.575,12.1,0,1,24,12,1,1,0.2,24,1,0,0,0.625,1
"World/HouseExterior[13]/railing-right[50]","railing-right",Cube,cutout-railing-right,14,14.3,-3.575,12.1,0,0,0,2,0.95,0.0600004,14.3,-3.575,12.1,0,1,24,12,1,1,0.2,24,1,0,0,0.625,1
"World/HouseExterior[13]/PorchRoof[51]","PorchRoof",Cube,porch-shingles,16,9.7,0.62,11.175,0,0,16.9275,4.80833,0.22,3.65,9.7,0.62,11.175,0,1,24,12,1,1,0.12,12,1,0,0,3,2
"World/HouseExterior[13]/PorchRoof[52]","PorchRoof",Cube,porch-shingles,16,14.3,0.62,11.175,0,0,-16.9275,4.80833,0.22,3.65,14.3,0.62,11.175,0,1,24,12,1,1,0.12,12,1,0,0,3,2
"World/HouseExterior[13]/PorchGable[53]","PorchGable",Joint,,-1,12,-0.2,12.85,0,0,0,4.3,1.3,1,12,-0.2,12.85,0,1,0,0,0,0,0,0,0,0,0,0,0
"World/HouseExterior[13]/PorchGable[53]/PorchGable[0]","PorchGable",Cube,siding-porch-gable,15,0,0,0,0,0,45,1.41421,1.41421,0.2,12,-0.2,12.85,0,1,24,12,1,1,0.08,12,1,0,0,3,1
"World/HouseExterior[13]/PorchFrieze[54]","PorchFrieze",Cube,house-trim,-1,12,-0.9,12.85,0,0,0,8.8,1.4,0.5,12,-0.9,12.85,0,1,24,12,1,1,0.25,32,1,0,0,1,1
"World/HouseExterior[13]/PorchBeam[55]","PorchBeam",Cube,house-trim,-1,12,-1.45,10.975,0,0,0,8.8,0.3,3.25,12,-1.45,10.975,0,1,24,12,1,1,0.25,32,1,0,0,1,1
"World/HouseExterior[13]/Planter[56]","Planter",Cylinder,planter-barrel,-1,14.4,-3.65,10.15,0,0,0,0.8,0.8,0.8,14.4,-3.65,10.15,0,1,134,128,1,1,0.1,24,1,0,0,1,1
"World/HouseExterior[13]/PorchPlant[57]","PorchPlant",Sphere,tree-leaves-light,-1,14.4,-2.85,10.15,0,0,0,1.1,0.9,1.1,14.4,-2.85,10.15,0,1,925,1656,1,1,0.05,24,1,0,0,1,1
"World/HouseExterior[13]/PorchLantern[58]","PorchLantern",Cube,porch-lantern,-1,10.5,-1.9,9.5,0,0,0,0.22,0.4,0.22,10.5,-1.9,9.5,0,1,24,12,1,1,0,24,1,0,1,1,1
"World/HouseExterior[13]/garage-front[59]","garage-front",Cube,siding-garage-front,15,-14.725,-2.25,7.35,0,0,0,8.55,4.5,0.3,-14.725,-2.25,7.35,0,1,24,12,1,1,0.08,12,1,0,0,3.5625,1.875
"World/HouseExterior[13]/garage-side[60]","garage-side",Cube,siding-garage-side,15,-18.85,-2.25,1.25,0,0,0,0.299999,4.5,12.5,-18.85,-2.25,1.25,0,1,24,12,1,1,0.08,12,1,0,0,5.20833,1.875
"World/HouseExterior[13]/garage-back[61]","garage-back",Cube,siding-garage-back,15,-14.725,-2.25,-4.85,0,0,0,8.55,4.5,0.3,-14.725,-2.25,-4.85,0,1,24,12,1,1,0.08,12,1,0,0,3.5625,1.875
"World/HouseExterior[13]/GarageDoor[62]","GarageDoor",Cube,garage-door,15,-14.725,-2.8,7.54,0,0,0,6.15,3.4,0.0799999,-14.725,-2.8,7.54,0,1,24,12,1,1,0.3,24,1,0,0,2,1.5
"World/HouseExterior[13]/GarageRoof[63]","GarageRoof",Cube,garage-shingles,16,-17.1125,1.1,1.25,0,0,22.7263,5.17693,0.22,13.5,-17.1125,1.1,1.25,0,1,24,12,1,1,0.12,12,1,0,0,3,4
"World/HouseExterior[13]/GarageRoof[64]","GarageRoof",Cube,garage-shingles,16,-12.3375,1.1,1.25,0,0,-22.7263,5.17693,0.22,13.5,-12.3375,1.1,1.25,0,1,24,12,1,1,0.12,12,1,0,0,3,4
"World/HouseExterior[13]/GarageGable[65]","GarageGable",Joint,,-1,-14.725,0,7.35,0,0,0,4.275,1.9,1,-14.725,0,7.35,0,1,0,0,0,0,0,0,0,0,0,0,0
"World/HouseExterior[13]/GarageGable[65]/GarageGable[0]","GarageGable",Cube,siding-garage-gable,15,0,0,0,0,0,45,1.41421,1.41421,0.26,-14.725,0,7.35,0,1,24,12,1,1,0.08,12,1,0,0,3,1
"World/HouseExterior[13]/Lawn[66]","Lawn",Plane,lawn,18,0,-4.5,0,0,0,0,320,1,320,0,-4.5,0,0,1,4,2,1,1,0.02,4,1,0,0,80,80
"World/HouseExterior[13]/Path[67]","Path",Plane,paving,-1,12,-4.48,18,0,0,0,1.8,1,9,12,-4.48,18,0,1,4,2,1,1,0.05,24,1,0,0,1,1
"World/HouseExterior[13]/Pavement[68]","Pavement",Plane,paving,-1,0,-4.48,23.4,0,0,0,120,1,2.6,0,-4.48,23.4,0,1,4,2,1,1,0.05,24,1,0,0,1,1
"World/HouseExterior[13]/Street[69]","Street",Plane,street,-1,0,-4.485,30,0,0,0,200,1,10,0,-4.485,30,0,1,4,2,1,1,0.05,24,1,0,0,1,1
"World/HouseExterior[13]/Driveway[70]","Driveway",Plane,paving,-1,-14.725,-4.48,15,0,0,0,7.55,1,15,-14.725,-4.48,15,0,1,4,2,1,1,0.05,24,1,0,0,1,1
"World/HouseExterior[13]/fence-left[71]","fence-left",Cube,cutout-fence-left,14,0.525,-3.8,21.5,0,0,0,20.95,1.4,0.0800018,0.525,-3.8,21.5,0,1,24,12,1,1,0.2,24,1,0,0,3.74107,1
"World/HouseExterior[13]/fence-right[72]","fence-right",Cube,cutout-fence-right,14,19.5,-3.8,21.5,0,0,0,13,1.4,0.0800018,19.5,-3.8,21.5,0,1,24,12,1,1,0.2,24,1,0,0,2.32143,1
"World/HouseExterior[13]/GatePost[73]","GatePost",Cube,picket-white,-1,11,-3.625,21.5,0,0,0,0.299999,1.75,0.299999,11,-3.625,21.5,0,1,24,12,1,1,0.2,24,1,0,0,1,1
"World/HouseExterior[13]/GatePost[74]","GatePost",Cube,picket-white,-1,13,-3.625,21.5,0,0,0,0.299999,1.75,0.299999,13,-3.625,21.5,0,1,24,12,1,1,0.2,24,1,0,0,1,1
"World/HouseExterior[13]/MailboxPost[75]","MailboxPost",Cube,tree-bark,-1,14.475,-3.85,20.975,0,0,0,0.150001,1.3,0.15,14.475,-3.85,20.975,0,1,24,12,1,1,0.05,24,1,0,0,1,1
"World/HouseExterior[13]/Mailbox[76]","Mailbox",Cylinder,house-trim,-1,14.48,-3.05,20.98,90,0,0,0.4,0.7,0.4,14.48,-3.05,20.98,0,1,134,128,1,1,0.25,32,1,0,0,1,1
"World/HouseExterior[13]/Shrub[77]","Shrub",Sphere,shrub,-1,-8.5,-4.15,10.25,0,0,0,1.6,1,1.2,-8.5,-4.15,10.25,0,1,925,1656,1,1,0.05,24,1,0,0,1,1
"World/HouseExterior[13]/Shrub[78]","Shrub",Sphere,shrub,-1,-5,-4.15,10.25,0,0,0,1.6,1,1.2,-5,-4.15,10.25,0,1,925,1656,1,1,0.05,24,1,0,0,1,1
"World/HouseExterior[13]/Shrub[79]","Shrub",Sphere,shrub,-1,-1,-4.15,10.25,0,0,0,1.6,1,1.2,-1,-4.15,10.25,0,1,925,1656,1,1,0.05,24,1,0,0,1,1
"World/HouseExterior[13]/Shrub[80]","Shrub",Sphere,shrub,-1,5.8,-4.15,10.25,0,0,0,1.6,1,1.2,5.8,-4.15,10.25,0,1,925,1656,1,1,0.05,24,1,0,0,1,1
"World/HouseExterior[13]/Shrub[81]","Shrub",Sphere,shrub,-1,16.6,-4.15,10.25,0,0,0,1.6,1,1.2,16.6,-4.15,10.25,0,1,925,1656,1,1,0.05,24,1,0,0,1,1
"World/HouseExterior[13]/Tree[82]","Tree",Joint,,-1,-26,-4.5,12,0,0,0,1,1,1,-26,-4.5,12,0,1,0,0,0,0,0,0,0,0,0,0,0
"World/HouseExterior[13]/Tree[82]/Trunk[0]","Trunk",Cylinder,tree-bark,-1,0,2.7,0,0,0,0,0.6,5.4,0.6,-26,-1.8,12,0,1,134,128,1,1,0.05,24,1,0,0,1,1
"World/HouseExterior[13]/Tree[82]/Foliage[1]","Foliage",Sphere,tree-leaves,-1,0,6.48,0,0,0,0,4.95,4.95,4.95,-26,1.98,12,0,1,925,1656,1,1,0.05,24,1,0,0,1,1
"World/HouseExterior[13]/Tree[82]/Foliage[2]","Foliage",Sphere,tree-leaves-light,-1,1.8,7.92,1.08,0,0,0,3.6,3.6,3.6,-24.2,3.42,13.08,0,1,925,1656,1,1,0.05,24,1,0,0,1,1
"World/HouseExterior[13]/Tree[82]/Foliage[3]","Foliage",Sphere,tree-leaves,-1,-1.98,5.58,-0.9,0,0,0,3.78,3.78,3.78,-27.98,1.08,11.1,0,1,925,1656,1,1,0.05,24,1,0,0,1,1
"World/HouseExterior[13]/Tree[83]","Tree",Joint,,-1,24,-4.5,14,0,0,0,1,1,1,24,-4.5,14,0,1,0,0,0,0,0,0,0,0,0,0,0
"World/HouseExterior[13]/Tree[83]/Trunk[0]","Trunk",Cylinder,tree-bark,-1,0,2.4,0,0,0,0,0.6,4.8,0.6,24,-2.1,14,0,1,134,128,1,1,0.05,24,1,0,0,1,1
"World/HouseExterior[13]/Tree[83]/Foliage[1]","Foliage",Sphere,tree-leaves,-1,0,5.76,0,0,0,0,4.4,4.4,4.4,24,1.26,14,0,1,925,1656,1,1,0.05,24,1,0,0,1,1
"World/HouseExterior[13]/Tree[83]/Foliage[2]","Foliage",Sphere,tree-leaves-light,-1,1.6,7.04,0.96,0,0,0,3.2,3.2,3.2,25.6,2.54,14.96,0,1,925,1656,1,1,0.05,24,1,0,0,1,1
"World/HouseExterior[13]/Tree[83]/Foliage[3]","Foliage",Sphere,tree-leaves,-1,-1.76,4.96,-0.8,0,0,0,3.36,3.36,3.36,22.24,0.46,13.2,0,1,925,1656,1,1,0.05,24,1,0,0,1,1
"World/HouseExterior[13]/Tree[84]","Tree",Joint,,-1,-14,-4.5,-15,0,0,0,1,1,1,-14,-4.5,-15,0,1,0,0,0,0,0,0,0,0,0,0,0
"World/HouseExterior[13]/Tree[84]/Trunk[0]","Trunk",Cylinder,tree-bark,-1,0,3,0,0,0,0,0.6,6,0.6,-14,-1.5,-15,0,1,134,128,1,1,0.05,24,1,0,0,1,1
"World/HouseExterior[13]/Tree[84]/Foliage[1]","Foliage",Sphere,tree-leaves,-1,0,7.2,0,0,0,0,5.5,5.5,5.5,-14,2.7,-15,0,1,925,1656,1,1,0.05,24,1,0,0,1,1
"World/HouseExterior[13]/Tree[84]/Foliage[2]","Foliage",Sphere,tree-leaves-light,-1,2,8.8,1.2,0,0,0,4,4,4,-12,4.3,-13.8,0,1,925,1656,1,1,0.05,24,1,0,0,1,1
"World/HouseExterior[13]/Tree[84]/Foliage[3]","Foliage",Sphere,tree-leaves,-1,-2.2,6.2,-1,0,0,0,4.2,4.2,4.2,-16.2,1.7,-16,0,1,925,1656,1,1,0.05,24,1,0,0,1,1
"World/HouseExterior[13]/Tree[85]","Tree",Joint,,-1,8,-4.5,-17,0,0,0,1,1,1,8,-4.5,-17,0,1,0,0,0,0,0,0,0,0,0,0,0
"World/HouseExterior[13]/Tree[85]/Trunk[0]","Trunk",Cylinder,tree-bark,-1,0,3.3,0,0,0,0,0.6,6.6,0.6,8,-1.2,-17,0,1,134,128,1,1,0.05,24,1,0,0,1,1
"World/HouseExterior[13]/Tree[85]/Foliage[1]","Foliage",Sphere,tree-leaves,-1,0,7.92,0,0,0,0,6.05,6.05,6.05,8,3.42,-17,0,1,925,1656,1,1,0.05,24,1,0,0,1,1
"World/HouseExterior[13]/Tree[85]/Foliage[2]","Foliage",Sphere,tree-leaves-light,-1,2.2,9.68,1.32,0,0,0,4.4,4.4,4.4,10.2,5.18,-15.68,0,1,925,1656,1,1,0.05,24,1,0,0,1,1
"World/HouseExterior[13]/Tree[85]/Foliage[3]","Foliage",Sphere,tree-leaves,-1,-2.42,6.82,-1.1,0,0,0,4.62,4.62,4.62,5.58,2.32,-18.1,0,1,925,1656,1,1,0.05,24,1,0,0,1,1
"World/HouseExterior[13]/Tree[86]","Tree",Joint,,-1,30,-4.5,-8,0,0,0,1,1,1,30,-4.5,-8,0,1,0,0,0,0,0,0,0,0,0,0,0
"World/HouseExterior[13]/Tree[86]/Trunk[0]","Trunk",Cylinder,tree-bark,-1,0,2.7,0,0,0,0,0.6,5.4,0.6,30,-1.8,-8,0,1,134,128,1,1,0.05,24,1,0,0,1,1
"World/HouseExterior[13]/Tree[86]/Foliage[1]","Foliage",Sphere,tree-leaves,-1,0,6.48,0,0,0,0,4.95,4.95,4.95,30,1.98,-8,0,1,925,1656,1,1,0.05,24,1,0,0,1,1
"World/HouseExterior[13]/Tree[86]/Foliage[2]","Foliage",Sphere,tree-leaves-light,-1,1.8,7.92,1.08,0,0,0,3.6,3.6,3.6,31.8,3.42,-6.92,0,1,925,1656,1,1,0.05,24,1,0,0,1,1
"World/HouseExterior[13]/Tree[86]/Foliage[3]","Foliage",Sphere,tree-leaves,-1,-1.98,5.58,-0.9,0,0,0,3.78,3.78,3.78,28.02,1.08,-8.9,0,1,925,1656,1,1,0.05,24,1,0,0,1,1
"World/HouseExterior[13]/OutdoorSun[87]","OutdoorSun",Joint,,-1,2.62268e-06,-51,-37,0,0,0,1,1,1,0,0,0,0,0,0,0,0,0,0,0,0,0,0,0,0
"World/HouseExterior[13]/OutdoorSun[87]/SunDisc[0]","SunDisc",Sphere,outdoor-sun,-1,0,0,0,0,0,0,7,7,7,0,0,0,0,1,925,1656,1,1,0,24,1,0,1,1,1
"World/HouseExterior[13]/OutdoorSun[87]/SunHalo[1]","SunHalo",Sphere,outdoor-sun-halo,-1,0,0,0,0,0,0,13,13,13,0,0,0,0,1,925,1656,1,1,0,24,0.4,0,1,1,1
"World/FrontDoor[14]","FrontDoor",Joint,,-1,11.2,-4.5,9.2,0,85,0,1,1,1,11.2,-4.5,9.2,0,1,0,0,0,0,0,0,0,0,0,0,0
"World/FrontDoor[14]/FrontDoorLeaf[0]","FrontDoorLeaf",Cube,front-door,0,0.8,1.5,0,0,0,0,1.56,2.96,0.1,11.2697,-3,8.40304,0,1,24,12,1,1,0.25,24,1,0,0,0.4,1
"World/FrontDoor[14]/FrontDoorWindow[1]","FrontDoorWindow",Cube,house-window-glass,-1,0.8,2.16,0.04,0,0,0,0.6,0.6,0.06,11.3096,-2.34,8.40653,0,1,24,12,1,1,0.9,96,1,0,0,1,1
"World/FrontDoor[14]/FrontDoorKnob[2]","FrontDoorKnob",Sphere,brass,-1,1.4,1.35,0.08,0,0,0,0.12,0.12,0.12,11.4017,-3.15,7.8123,0,1,925,1656,1,1,0.8,64,1,0,0,1,1
"World/Penny[15]","Penny",Joint,,-1,7.5,1.17,-4.9,0,-45,0,1,1,1,7.5,1.17,-4.9,0,1,0,0,0,0,0,0,0,0,0,0,0
"World/Penny[15]/Body[0]","Body",Joint,,-1,0,0.608007,-0.00959467,-2.39867,0,0,1,1,1,7.50678,1.77801,-4.90678,0,1,0,0,0,0,0,0,0,0,0,0,0
"World/Penny[15]/Body[0]/Torso[0]","Torso",Sphere,penny-fur,8,0,0,-0.02,0,0,0,0.64,0.58,1.3,7.52091,1.77717,-4.92091,0,1,925,1656,1,1,0.06,8,1,0,0,4,4
"World/Penny[15]/Body[0]/Chest[1]","Chest",Sphere,penny-fur,8,0,0.03,0.42,0,0,0,0.58,0.6,0.62,7.21095,1.82556,-4.61095,0,1,925,1656,1,1,0.06,8,1,0,0,4,4
"World/Penny[15]/Body[0]/Haunch[2]","Haunch",Sphere,penny-fur,8,0,0,-0.42,0,0,0,0.62,0.62,0.66,7.80351,1.76043,-5.20351,0,1,925,1656,1,1,0.06,8,1,0,0,4,4
"World/Penny[15]/Body[0]/BackPatch[3]","BackPatch",Sphere,penny-ginger,8,0.12,0.2,-0.02,0,0,-22,0.46,0.24,0.52,7.61169,1.97699,-4.84198,0,1,925,1656,1,1,0.06,8,1,0,0,4,4
"World/Penny[15]/Body[0]/HipPatch[4]","HipPatch",Sphere,penny-ginger,8,0.15,0.18,-0.46,0,0,-26,0.48,0.26,0.5,7.94316,1.9386,-5.13103,0,1,925,1656,1,1,0.06,8,1,0,0,4,4
"World/Penny[15]/Body[0]/Head[5]","Head",Joint,,-1,0,0.26,0.74,1.91893,-1.51517,-0,1,1,1,6.99168,2.06875,-4.39168,0,1,0,0,0,0,0,0,0,0,0,0,0
"World/Penny[15]/Body[0]/Head[5]/Skull[0]","Skull",Sphere,penny-fur,8,0,0,0,0,0,0,0.46,0.4,0.42,6.99168,2.06875,-4.39168,0,1,925,1656,1,1,0.06,8,1,0,0,4,4
"World/Penny[15]/Body[0]/Head[5]/Muzzle[1]","Muzzle",Sphere,penny-fur,8,0,-0.09,0.17,0,0,0,0.3,0.18,0.18,6.86786,1.98017,-4.2741,0,1,925,1656,1,1,0.06,8,1,0,0,4,4
"World/Penny[15]/Body[0]/Head[5]/Chin[2]","Chin",Sphere,penny-fur,8,0,-0.15,0.14,0,0,0,0.14,0.08,0.1,6.88931,1.91992,-4.29435,0,1,925,1656,1,1,0.06,8,1,0,0,4,4
"World/Penny[15]/Body[0]/Head[5]/GingerCap[3]","GingerCap",Sphere,penny-ginger,8,0.05,0.07,-0.02,0,0,0,0.4,0.3,0.38,7.04097,2.13864,-4.36962,0,1,925,1656,1,1,0.06,8,1,0,0,4,4
"World/Penny[15]/Body[0]/Head[5]/GingerEyePatch[4]","GingerEyePatch",Sphere,penny-ginger,8,0.11,0.05,0.13,0,0,0,0.2,0.17,0.12,6.97333,2.11996,-4.22274,0,1,925,1656,1,1,0.06,8,1,0,0,4,4
"World/Penny[15]/Body[0]/Head[5]/Ear[5]","Ear",Cone,penny-ginger,8,0.13,0.21,-0.03,-10,0,-16,0.2,0.22,0.11,7.10402,2.27864,-4.31938,0,1,99,64,1,1,0.06,8,1,0,0,4,4
"World/Penny[15]/Body[0]/Head[5]/InnerEar[6]","InnerEar",Cone,penny-ear-pink,-1,0.13,0.2,0.012,-10,0,-16,0.13,0.16,0.03,7.0735,2.26899,-4.29041,0,1,99,64,1,1,0.05,8,1,0,0,1,1
"World/Penny[15]/Body[0]/Head[5]/Eye[7]","Eye",Sphere,penny-eyes,-1,0.095,0.03,0.19,0,0,0,0.075,0.05,0.03,6.91937,2.10044,-4.1922,0,1,925,1656,1,1,0.8,96,1,0,0,1,1
"World/Penny[15]/Body[0]/Head[5]/Pupil[8]","Pupil",Sphere,eye-pupil,-1,0.095,0.03,0.203,0,0,0,0.014,0.045,0.012,6.90993,2.10055,-4.18325,0,1,925,1656,1,1,0.9,128,1,0,0,1,1
"World/Penny[15]/Body[0]/Head[5]/ClosedEye[9]","ClosedEye",Cube,penny-closed-eye,-1,0.095,0.025,0.2,0,0,8,0.07,0.008,0.012,0,0,0,0,0,24,12,1,1,0,24,1,0,0,1,1
"World/Penny[15]/Body[0]/Head[5]/Whisker[10]","Whisker",Cylinder,penny-whisker,-1,0.17,-0.092,0.21,0,12,74,0.008,0.34,0.008,6.95582,1.9787,-4.12322,0,1,134,128,1,1,0,24,1,0,0,1,1
"World/Penny[15]/Body[0]/Head[5]/Whisker[11]","Whisker",Cylinder,penny-whisker,-1,0.17,-0.064,0.21,0,12,88,0.008,0.34,0.008,6.95597,2.0067,-4.12341,0,1,134,128,1,1,0,24,1,0,0,1,1
"World/Penny[15]/Body[0]/Head[5]/Ear[12]","Ear",Cone,penny-fur,8,-0.13,0.21,-0.03,-10,0,16,0.2,0.22,0.11,6.92509,2.27835,-4.50802,0,1,99,64,1,1,0.06,8,1,0,0,4,4
"World/Penny[15]/Body[0]/Head[5]/InnerEar[13]","InnerEar",Cone,penny-ear-pink,-1,-0.13,0.2,0.012,-10,0,16,0.13,0.16,0.03,6.89457,2.2687,-4.47905,0,1,99,64,1,1,0.05,8,1,0,0,1,1
"World/Penny[15]/Body[0]/Head[5]/Eye[14]","Eye",Sphere,penny-eyes,-1,-0.095,0.03,0.19,0,0,0,0.075,0.05,0.03,6.78861,2.10023,-4.33005,0,1,925,1656,1,1,0.8,96,1,0,0,1,1
"World/Penny[15]/Body[0]/Head[5]/Pupil[15]","Pupil",Sphere,eye-pupil,-1,-0.095,0.03,0.203,0,0,0,0.014,0.045,0.012,6.77918,2.10034,-4.32111,0,1,925,1656,1,1,0.9,128,1,0,0,1,1
"World/Penny[15]/Body[0]/Head[5]/ClosedEye[16]","ClosedEye",Cube,penny-closed-eye,-1,-0.095,0.025,0.2,0,0,-8,0.07,0.008,0.012,0,0,0,0,0,24,12,1,1,0,24,1,0,0,1,1
"World/Penny[15]/Body[0]/Head[5]/Whisker[17]","Whisker",Cylinder,penny-whisker,-1,-0.17,-0.092,0.21,0,-12,-74,0.008,0.34,0.008,6.72184,1.97832,-4.36991,0,1,134,128,1,1,0,24,1,0,0,1,1
"World/Penny[15]/Body[0]/Head[5]/Whisker[18]","Whisker",Cylinder,penny-whisker,-1,-0.17,-0.064,0.21,0,-12,-88,0.008,0.34,0.008,6.72199,2.00632,-4.37009,0,1,134,128,1,1,0,24,1,0,0,1,1
"World/Penny[15]/Body[0]/Head[5]/Nose[19]","Nose",Sphere,penny-pink,-1,0,-0.03,0.27,0,0,0,0.06,0.04,0.04,6.79563,2.04101,-4.20568,0,1,925,1656,1,1,0.2,16,1,0,0,1,1
"World/Penny[15]/Body[0]/Tail[6]","Tail",Joint,,-1,0,0.12,-0.74,-39.7973,0,0.439901,1,1,1,8.03314,1.86693,-5.43314,0,1,0,0,0,0,0,0,0,0,0,0,0
"World/Penny[15]/Body[0]/Tail[6]/TailBase[0]","TailBase",Cylinder,penny-ginger,8,0,0.22,0,0,0,0,0.11,0.46,0.11,8.13643,2.02991,-5.53882,0,1,134,128,1,1,0.06,8,1,0,0,4,4
"World/Penny[15]/Body[0]/Tail[6]/TailTip[1]","TailTip",Joint,,-1,0,0.44,0,-21.8018,0,3.19822,1,1,1,8.23972,2.1929,-5.64449,0,1,0,0,0,0,0,0,0,0,0,0,0
"World/Penny[15]/Body[0]/Tail[6]/TailTip[1]/TailEnd[0]","TailEnd",Cylinder,penny-fur,8,0,0.2,0,0,0,0,0.1,0.42,0.1,8.35768,2.28037,-5.78025,0,1,134,128,1,1,0.06,8,1,0,0,4,4
"World/Penny[15]/Body[0]/Tail[6]/TailTip[1]/TailTipFur[1]","TailTipFur",Sphere,penny-fur,8,0,0.41,0,0,0,0,0.11,0.11,0.11,8.48155,2.37222,-5.9228,0,1,925,1656,1,1,0.06,8,1,0,0,4,4
"World/Penny[15]/Body[0]/FrontLeg[7]","FrontLeg",Joint,,-1,0.17,-0.08,0.42,2.39867,0,0,1,1,1,7.3279,1.71565,-4.48748,0,1,0,0,0,0,0,0,0,0,0,0,0
"World/Penny[15]/Body[0]/FrontLeg[7]/Leg[0]","Leg",Cylinder,penny-fur,8,0,-0.23,0,0,0,0,0.15,0.46,0.15,7.3279,1.48565,-4.48748,0,1,134,128,1,1,0.06,8,1,0,0,4,4
"World/Penny[15]/Body[0]/FrontLeg[7]/Paw[1]","Paw",Sphere,penny-fur,8,0,-0.48,0.04,0,0,0,0.17,0.09,0.22,7.29962,1.23565,-4.4592,0,1,925,1656,1,1,0.06,8,1,0,0,4,4
"World/Penny[15]/Body[0]/FrontLeg[8]","FrontLeg",Joint,,-1,-0.17,-0.08,0.42,2.39867,0,0,1,1,1,7.08748,1.71565,-4.7279,0,1,0,0,0,0,0,0,0,0,0,0,0
"World/Penny[15]/Body[0]/FrontLeg[8]/Leg[0]","Leg",Cylinder,penny-fur,8,0,-0.23,0,0,0,0,0.15,0.46,0.15,7.08748,1.48565,-4.7279,0,1,134,128,1,1,0.06,8,1,0,0,4,4
"World/Penny[15]/Body[0]/FrontLeg[8]/Paw[1]","Paw",Sphere,penny-fur,8,0,-0.48,0.04,0,0,0,0.17,0.09,0.22,7.0592,1.23565,-4.69962,0,1,925,1656,1,1,0.06,8,1,0,0,4,4
"World/Penny[15]/Body[0]/BackLeg[9]","BackLeg",Joint,,-1,0.18,-0.06,-0.44,-4.95725,0,0,1,1,1,7.94314,1.69964,-5.08858,0,1,0,0,0,0,0,0,0,0,0,0,0
"World/Penny[15]/Body[0]/BackLeg[9]/Leg[0]","Leg",Cylinder,penny-fur,8,0,-0.24,0,0,0,0,0.15,0.48,0.15,7.92141,1.46162,-5.06686,0,1,134,128,1,1,0.06,8,1,0,0,4,4
"World/Penny[15]/Body[0]/BackLeg[9]/Paw[1]","Paw",Sphere,penny-fur,8,0,-0.5,0.04,0,0,0,0.17,0.09,0.22,7.86982,1.20888,-5.01527,0,1,925,1656,1,1,0.06,8,1,0,0,4,4
"World/Penny[15]/Body[0]/BackLeg[10]","BackLeg",Joint,,-1,-0.18,-0.06,-0.44,-4.95725,0,0,1,1,1,7.68858,1.69964,-5.34314,0,1,0,0,0,0,0,0,0,0,0,0,0
"World/Penny[15]/Body[0]/BackLeg[10]/Leg[0]","Leg",Cylinder,penny-fur,8,0,-0.24,0,0,0,0,0.15,0.48,0.15,7.66686,1.46162,-5.32141,0,1,134,128,1,1,0.06,8,1,0,0,4,4
"World/Penny[15]/Body[0]/BackLeg[10]/Paw[1]","Paw",Sphere,penny-fur,8,0,-0.5,0.04,0,0,0,0.17,0.09,0.22,7.61527,1.20888,-5.26982,0,1,925,1656,1,1,0.06,8,1,0,0,4,4
"World/ContactShadow[16]","ContactShadow",Sphere,contact-shadow,-1,-3,0.012,0.5,0,0,0,1.04,0.012,1.56,-3,0.012,0.5,0,1,925,1656,1,1,0,24,0.2,0,1,1,1
"World/ContactShadow[17]","ContactShadow",Sphere,contact-shadow,-1,-0.8,0.012,2,0,0,0,1.04,0.012,1.56,-0.8,0.012,2,0,1,925,1656,1,1,0,24,0.2,0,1,1,1
"World/ContactShadow[18]","ContactShadow",Sphere,contact-shadow,-1,2.2,0.012,0.3,0,0,0,1.352,0.012,3.77,2.2,0.012,0.3,0,1,925,1656,1,1,0,24,0.2,0,1,1,1
"World/ContactShadow[19]","ContactShadow",Sphere,contact-shadow,-1,0.4,0.012,-1.8,0,0,0,1.04,0.012,1.56,0.4,0.012,-1.8,0,1,925,1656,1,1,0,24,0.2,0,1,1,1
"World/ContactShadow[20]","ContactShadow",Sphere,contact-shadow,-1,15.4,0.012,4,0,0,0,1.664,0.012,2.21,15.4,0.012,4,0,1,925,1656,1,1,0,24,0.2,0,1,1,1
